asset_type	stable_id	opaque_asset_id	revision	review_surface	visual_mode	aspect_ratio	background_mode	detail_density	phone_legibility	print_legibility	crop_tolerance	permitted_contexts	prohibited_contexts	identity_fit	slop_flags	disposition	notes	reviewMode	humanEvidence	humanParticipantCount	humanReviewRequired	notHumanUsabilityTested	release_ledger_path	release_ledger_sha256	release_record_coordinate	review_coordinate	review_record_sha256	rights_coordinates_json	rights_records_sha256	gate_kind	gate_coordinate	gate_text_json	phone_path	phone_bytes	phone_sha256	phone_width	phone_height	phone_ledger_coordinate	print_path	print_bytes	print_sha256	print_width	print_height	print_ledger_coordinate	rendered_in_prototype	prototype_usage_coordinate	delivery_contract
tool	tool.scrub-brush	t001	1	phone=content/assets/derivatives/tools/t001-phone.png;print=content/assets/derivatives/tools/t001-print.png	tonal-line	1:1	near-white-native	single-object-moderate	ledger-pass-at-320x320	ledger-pass-grayscale	none-use-contain	atlas-reference;original-practice-within-recorded-scope	decorative-brand-surface;cropped-or-filtered-use;implied-official-content	compatible-with-framing	none-recorded-in-release-review	constrain-to-reference	Ledger phone/print review: pass. Rights review: pass — original generated geometry; no prohibited source image supplied; no logo/trade dress or official-item reconstruction observed. Exact accepted derivatives only.	codex-only	none	0	false	true	content/authoring/visuals/releases/tools.json	5e763aa5e12df9f2f5e1a0e5c08b84a0e523326269bcded83d17d20a1d54759e	content/authoring/visuals/releases/tools.json#/0	content/authoring/visuals/releases/tools.json#/0/review	10e59d7706778c6e12b8d04d64897fb36a79b5b568819954d328fa95dda91f59	["content/authoring/visuals/releases/tools.json#/0/review/rightsSimilarity"]	d0ed77ce0b7904cecfc495e62efb345414150c6a558f88c9878b51e5ce9126a8	publicationGate	content/authoring/visuals/releases/tools.json#/0/publicationGate	null	content/assets/derivatives/tools/t001-phone.png	84072	20982817fe806bffa8da7e2cc06ce4f5caa85400da7a1412b07e55301177234f	320	320	content/authoring/visuals/releases/tools.json#/0/derivatives/1	content/assets/derivatives/tools/t001-print.png	149328	1d04ea82a3b6014caea9609db383861551dd363593c5fdb64e9ab71f0f2ac143	640	640	content/authoring/visuals/releases/tools.json#/0/derivatives/2	false		accepted-delivery-derivatives-byte-identical-only
tool	tool.staple-gun	t002	1	phone=content/assets/derivatives/tools/t002-phone.png;print=content/assets/derivatives/tools/t002-print.png	tonal-line	1:1	near-white-native	single-object-moderate	ledger-pass-at-320x320	ledger-pass-grayscale	none-use-contain	atlas-reference;original-practice-within-recorded-scope	decorative-brand-surface;cropped-or-filtered-use;implied-official-content	compatible-with-framing	none-recorded-in-release-review	constrain-to-reference	Ledger phone/print review: pass. Rights review: pass — original generated geometry; no prohibited source image supplied; no logo/trade dress or official-item reconstruction observed. Exact accepted derivatives only.	codex-only	none	0	false	true	content/authoring/visuals/releases/tools.json	5e763aa5e12df9f2f5e1a0e5c08b84a0e523326269bcded83d17d20a1d54759e	content/authoring/visuals/releases/tools.json#/1	content/authoring/visuals/releases/tools.json#/1/review	10e59d7706778c6e12b8d04d64897fb36a79b5b568819954d328fa95dda91f59	["content/authoring/visuals/releases/tools.json#/1/review/rightsSimilarity"]	7278397d71c5c4250b892c3cd18c1c64d03c0c66978440beb370560ce4bc2cbd	publicationGate	content/authoring/visuals/releases/tools.json#/1/publicationGate	null	content/assets/derivatives/tools/t002-phone.png	70428	baba2e79d2ada171771ea355aa6a2be3ffe0c886434970869d121e8127acd3eb	320	320	content/authoring/visuals/releases/tools.json#/1/derivatives/1	content/assets/derivatives/tools/t002-print.png	126092	4d6d7fbd1068fb1169759f286d415926173b2b6c531185b858d5a93d7e1e67cd	640	640	content/authoring/visuals/releases/tools.json#/1/derivatives/2	false		accepted-delivery-derivatives-byte-identical-only
tool	ppe.protective-gloves	t003	1	phone=content/assets/derivatives/tools/t003-phone.png;print=content/assets/derivatives/tools/t003-print.png	tonal-line	1:1	near-white-native	single-object-moderate	ledger-pass-at-320x320	ledger-pass-grayscale	none-use-contain	atlas-reference;original-practice-within-recorded-scope	decorative-brand-surface;cropped-or-filtered-use;implied-official-content	compatible-with-framing	none-recorded-in-release-review	constrain-to-reference	Ledger phone/print review: pass. Rights review: pass — original generated geometry; no prohibited source image supplied; no logo/trade dress or official-item reconstruction observed. Exact accepted derivatives only.	codex-only	none	0	false	true	content/authoring/visuals/releases/tools.json	5e763aa5e12df9f2f5e1a0e5c08b84a0e523326269bcded83d17d20a1d54759e	content/authoring/visuals/releases/tools.json#/2	content/authoring/visuals/releases/tools.json#/2/review	10e59d7706778c6e12b8d04d64897fb36a79b5b568819954d328fa95dda91f59	["content/authoring/visuals/releases/tools.json#/2/review/rightsSimilarity"]	6970ecf6797a0ba567e96146888bb8dd39bb11eadc94a9814d04bf264db225d9	publicationGate	content/authoring/visuals/releases/tools.json#/2/publicationGate	null	content/assets/derivatives/tools/t003-phone.png	88826	5511fcb6a43ac0c435e7405f4f77bfe19b67fc6c87a7f8af1bdbd5a211978e1f	320	320	content/authoring/visuals/releases/tools.json#/2/derivatives/1	content/assets/derivatives/tools/t003-print.png	158553	825f62e2054adaa531650802a8408c4642956b45d7ddec6c8754fa4c4389c77c	640	640	content/authoring/visuals/releases/tools.json#/2/derivatives/2	false		accepted-delivery-derivatives-byte-identical-only
tool	tool.push-broom	t004	1	phone=content/assets/derivatives/tools/t004-phone.png;print=content/assets/derivatives/tools/t004-print.png	tonal-line	1:1	near-white-native	single-object-moderate	ledger-pass-at-320x320	ledger-pass-grayscale	none-use-contain	atlas-reference;original-practice-within-recorded-scope	decorative-brand-surface;cropped-or-filtered-use;implied-official-content	compatible-with-framing	none-recorded-in-release-review	use-as-is	Ledger phone/print review: pass. Rights review: pass — original generated geometry; no prohibited source image supplied; no logo/trade dress or official-item reconstruction observed. Exact accepted derivatives only.	codex-only	none	0	false	true	content/authoring/visuals/releases/tools.json	5e763aa5e12df9f2f5e1a0e5c08b84a0e523326269bcded83d17d20a1d54759e	content/authoring/visuals/releases/tools.json#/3	content/authoring/visuals/releases/tools.json#/3/review	10e59d7706778c6e12b8d04d64897fb36a79b5b568819954d328fa95dda91f59	["content/authoring/visuals/releases/tools.json#/3/review/rightsSimilarity"]	0d293786ccb882aef86b7919aa7965fafaa3a135dd0b77de2ead091ba55edc92	publicationGate	content/authoring/visuals/releases/tools.json#/3/publicationGate	null	content/assets/derivatives/tools/t004-phone.png	62971	72667701c86604f67f79f7d6276922fafbe8b4222f6b3e1ed5ecd468b05195d6	320	320	content/authoring/visuals/releases/tools.json#/3/derivatives/1	content/assets/derivatives/tools/t004-print.png	127059	05420b59deacc88afdc24fd591f71bde9dcc50bc5ca67027e9be1bf061ebde80	640	640	content/authoring/visuals/releases/tools.json#/3/derivatives/2	false		accepted-delivery-derivatives-byte-identical-only
tool	tool.angle-broom	t005	1	phone=content/assets/derivatives/tools/t005-phone.png;print=content/assets/derivatives/tools/t005-print.png	tonal-line	1:1	near-white-native	single-object-moderate	ledger-pass-at-320x320	ledger-pass-grayscale	none-use-contain	atlas-reference;original-practice-within-recorded-scope	decorative-brand-surface;cropped-or-filtered-use;implied-official-content	compatible-with-framing	none-recorded-in-release-review	constrain-to-reference	Ledger phone/print review: pass. Rights review: pass — original generated geometry; no prohibited source image supplied; no logo/trade dress or official-item reconstruction observed. Exact accepted derivatives only.	codex-only	none	0	false	true	content/authoring/visuals/releases/tools.json	5e763aa5e12df9f2f5e1a0e5c08b84a0e523326269bcded83d17d20a1d54759e	content/authoring/visuals/releases/tools.json#/4	content/authoring/visuals/releases/tools.json#/4/review	10e59d7706778c6e12b8d04d64897fb36a79b5b568819954d328fa95dda91f59	["content/authoring/visuals/releases/tools.json#/4/review/rightsSimilarity"]	e3dd9d9c8b4854904e5e83e065d1fd18f256ceb271a95acbb5e0379b41fafc82	publicationGate	content/authoring/visuals/releases/tools.json#/4/publicationGate	null	content/assets/derivatives/tools/t005-phone.png	43561	22e57a774aa6e324b12ddf80be3fea469d150a7837076d7323206350af878b7e	320	320	content/authoring/visuals/releases/tools.json#/4/derivatives/1	content/assets/derivatives/tools/t005-print.png	100928	9caae865ea174ce77413a9199ad9281af081051ae2bd0c497b189ecc9ef4def2	640	640	content/authoring/visuals/releases/tools.json#/4/derivatives/2	false		accepted-delivery-derivatives-byte-identical-only
tool	tool.dust-mop	t006	1	phone=content/assets/derivatives/tools/t006-phone.png;print=content/assets/derivatives/tools/t006-print.png	tonal-line	1:1	near-white-native	single-object-moderate	ledger-pass-at-320x320	ledger-pass-grayscale	none-use-contain	atlas-reference;original-practice-within-recorded-scope	decorative-brand-surface;cropped-or-filtered-use;implied-official-content	compatible-with-framing	none-recorded-in-release-review	constrain-to-reference	Ledger phone/print review: pass. Rights review: pass — original generated geometry; no prohibited source image supplied; no logo/trade dress or official-item reconstruction observed. Exact accepted derivatives only.	codex-only	none	0	false	true	content/authoring/visuals/releases/tools.json	5e763aa5e12df9f2f5e1a0e5c08b84a0e523326269bcded83d17d20a1d54759e	content/authoring/visuals/releases/tools.json#/5	content/authoring/visuals/releases/tools.json#/5/review	10e59d7706778c6e12b8d04d64897fb36a79b5b568819954d328fa95dda91f59	["content/authoring/visuals/releases/tools.json#/5/review/rightsSimilarity"]	17a6c7e0307476c0dc8dd6ba9d6a636d421d3ab6da76f9d19e1a4184b1289e10	publicationGate	content/authoring/visuals/releases/tools.json#/5/publicationGate	null	content/assets/derivatives/tools/t006-phone.png	74561	c4d39cd0758b807af4bbe3ca997d0370b49f67476191a88f0b19084a63ddd5fb	320	320	content/authoring/visuals/releases/tools.json#/5/derivatives/1	content/assets/derivatives/tools/t006-print.png	135760	34beabd9aea63ffdcf304a6df782268bb537c099e94d47ebf7372d897ef254d1	640	640	content/authoring/visuals/releases/tools.json#/5/derivatives/2	false		accepted-delivery-derivatives-byte-identical-only
tool	tool.wet-mop	t007	1	phone=content/assets/derivatives/tools/t007-phone.png;print=content/assets/derivatives/tools/t007-print.png	tonal-line	1:1	near-white-native	single-object-moderate	ledger-pass-at-320x320	ledger-pass-grayscale	none-use-contain	atlas-reference;original-practice-within-recorded-scope	decorative-brand-surface;cropped-or-filtered-use;implied-official-content	compatible-with-framing	none-recorded-in-release-review	constrain-to-reference	Ledger phone/print review: pass. Rights review: pass — original generated geometry; no prohibited source image supplied; no logo/trade dress or official-item reconstruction observed. Exact accepted derivatives only.	codex-only	none	0	false	true	content/authoring/visuals/releases/tools.json	5e763aa5e12df9f2f5e1a0e5c08b84a0e523326269bcded83d17d20a1d54759e	content/authoring/visuals/releases/tools.json#/6	content/authoring/visuals/releases/tools.json#/6/review	10e59d7706778c6e12b8d04d64897fb36a79b5b568819954d328fa95dda91f59	["content/authoring/visuals/releases/tools.json#/6/review/rightsSimilarity"]	0599d1c3c79997de1d2e9d5e1b2441b221f2393af21f51400f7f0f8711b85322	publicationGate	content/authoring/visuals/releases/tools.json#/6/publicationGate	null	content/assets/derivatives/tools/t007-phone.png	60587	539e60f55898692a3e4379eb2da0a552b8b41d6cbff6b8e2f09a2acf7a7bb319	320	320	content/authoring/visuals/releases/tools.json#/6/derivatives/1	content/assets/derivatives/tools/t007-print.png	121476	daee585e456df359d299c6e4fa83e3db69bc42dbfaf77bdb92f49620a71eee01	640	640	content/authoring/visuals/releases/tools.json#/6/derivatives/2	false		accepted-delivery-derivatives-byte-identical-only
tool	tool.flat-mop	t008	1	phone=content/assets/derivatives/tools/t008-phone.png;print=content/assets/derivatives/tools/t008-print.png	tonal-line	1:1	near-white-native	single-object-moderate	ledger-pass-at-320x320	ledger-pass-grayscale	none-use-contain	atlas-reference;original-practice-within-recorded-scope	decorative-brand-surface;cropped-or-filtered-use;implied-official-content	compatible-with-framing	none-recorded-in-release-review	constrain-to-reference	Ledger phone/print review: pass. Rights review: pass — original generated geometry; no prohibited source image supplied; no logo/trade dress or official-item reconstruction observed. Exact accepted derivatives only.	codex-only	none	0	false	true	content/authoring/visuals/releases/tools.json	5e763aa5e12df9f2f5e1a0e5c08b84a0e523326269bcded83d17d20a1d54759e	content/authoring/visuals/releases/tools.json#/7	content/authoring/visuals/releases/tools.json#/7/review	10e59d7706778c6e12b8d04d64897fb36a79b5b568819954d328fa95dda91f59	["content/authoring/visuals/releases/tools.json#/7/review/rightsSimilarity"]	7ca960cc3b25ae6e6facae9bbd59e197f80ca7e18f8df0ba34ff6c4ab5199493	publicationGate	content/authoring/visuals/releases/tools.json#/7/publicationGate	null	content/assets/derivatives/tools/t008-phone.png	54322	ec7ce4b5bdfb020972eecebd7a3d384fe58fa518a58b4e3311c95aa4cce32be6	320	320	content/authoring/visuals/releases/tools.json#/7/derivatives/1	content/assets/derivatives/tools/t008-print.png	110052	8cace1e4a518227868dce9becbdcd8b637e9956210bcd50d79e4df0cac892ec1	640	640	content/authoring/visuals/releases/tools.json#/7/derivatives/2	false		accepted-delivery-derivatives-byte-identical-only
tool	equipment.mop-bucket-wringer	t009	1	phone=content/assets/derivatives/tools/t009-phone.png;print=content/assets/derivatives/tools/t009-print.png	tonal-line	1:1	near-white-native	single-object-moderate	ledger-pass-at-320x320	ledger-pass-grayscale	none-use-contain	atlas-reference;original-practice-within-recorded-scope	decorative-brand-surface;cropped-or-filtered-use;implied-official-content	compatible-with-framing	none-recorded-in-release-review	constrain-to-reference	Ledger phone/print review: pass. Rights review: pass — original generated geometry; no prohibited source image supplied; no logo/trade dress or official-item reconstruction observed. Exact accepted derivatives only.	codex-only	none	0	false	true	content/authoring/visuals/releases/tools.json	5e763aa5e12df9f2f5e1a0e5c08b84a0e523326269bcded83d17d20a1d54759e	content/authoring/visuals/releases/tools.json#/8	content/authoring/visuals/releases/tools.json#/8/review	10e59d7706778c6e12b8d04d64897fb36a79b5b568819954d328fa95dda91f59	["content/authoring/visuals/releases/tools.json#/8/review/rightsSimilarity"]	4512c5fdfc40c18025758643ff72dbcbbed6265845e025b314d17baf7e8ffaf8	publicationGate	content/authoring/visuals/releases/tools.json#/8/publicationGate	null	content/assets/derivatives/tools/t009-phone.png	82352	4381ca79ed3aec09f6e668ba56b295d3aa7dcff3115eb3d87b850b082576cb75	320	320	content/authoring/visuals/releases/tools.json#/8/derivatives/1	content/assets/derivatives/tools/t009-print.png	141747	a26cc916f0756cad422dcf2561b237840b88c3461af0963eeb0c0791bb1f4a86	640	640	content/authoring/visuals/releases/tools.json#/8/derivatives/2	false		accepted-delivery-derivatives-byte-identical-only
tool	tool.deck-brush	t010	1	phone=content/assets/derivatives/tools/t010-phone.png;print=content/assets/derivatives/tools/t010-print.png	tonal-line	1:1	near-white-native	single-object-moderate	ledger-pass-at-320x320	ledger-pass-grayscale	none-use-contain	atlas-reference;original-practice-within-recorded-scope	decorative-brand-surface;cropped-or-filtered-use;implied-official-content	compatible-with-framing	none-recorded-in-release-review	constrain-to-reference	Ledger phone/print review: pass. Rights review: pass — original generated geometry; no prohibited source image supplied; no logo/trade dress or official-item reconstruction observed. Exact accepted derivatives only.	codex-only	none	0	false	true	content/authoring/visuals/releases/tools.json	5e763aa5e12df9f2f5e1a0e5c08b84a0e523326269bcded83d17d20a1d54759e	content/authoring/visuals/releases/tools.json#/9	content/authoring/visuals/releases/tools.json#/9/review	10e59d7706778c6e12b8d04d64897fb36a79b5b568819954d328fa95dda91f59	["content/authoring/visuals/releases/tools.json#/9/review/rightsSimilarity"]	0eb3b9928e066eeeeaf0fbf32773eef6a5b2b4a9afa4bc92fe0d465e9dccf939	publicationGate	content/authoring/visuals/releases/tools.json#/9/publicationGate	null	content/assets/derivatives/tools/t010-phone.png	42813	bb0d7be267e1e9c7ce4a5956fdcd27f61ada1785b78b5f3c01433cd059e60219	320	320	content/authoring/visuals/releases/tools.json#/9/derivatives/1	content/assets/derivatives/tools/t010-print.png	103829	d4af9176017d24adb377edd2989223effcda3cbf846663b1e3d9c7ae3c22ade8	640	640	content/authoring/visuals/releases/tools.json#/9/derivatives/2	false		accepted-delivery-derivatives-byte-identical-only
tool	tool.hand-scrub-brush	t011	1	phone=content/assets/derivatives/tools/t011-phone.png;print=content/assets/derivatives/tools/t011-print.png	tonal-line	1:1	near-white-native	single-object-moderate	ledger-pass-at-320x320	ledger-pass-grayscale	none-use-contain	atlas-reference;original-practice-within-recorded-scope	decorative-brand-surface;cropped-or-filtered-use;implied-official-content	compatible-with-framing	none-recorded-in-release-review	constrain-to-reference	Ledger phone/print review: pass. Rights review: pass — original generated geometry; no prohibited source image supplied; no logo/trade dress or official-item reconstruction observed. Exact accepted derivatives only.	codex-only	none	0	false	true	content/authoring/visuals/releases/tools.json	5e763aa5e12df9f2f5e1a0e5c08b84a0e523326269bcded83d17d20a1d54759e	content/authoring/visuals/releases/tools.json#/10	content/authoring/visuals/releases/tools.json#/10/review	10e59d7706778c6e12b8d04d64897fb36a79b5b568819954d328fa95dda91f59	["content/authoring/visuals/releases/tools.json#/10/review/rightsSimilarity"]	a840fad52ffb22dd57914e55e0a2dea4989b76e79204ab58c29b10aaac1aeab8	publicationGate	content/authoring/visuals/releases/tools.json#/10/publicationGate	null	content/assets/derivatives/tools/t011-phone.png	82099	155515e1c91fdf6aa3fde415ba033664f948bed88566635661c8ca5bfdb9b628	320	320	content/authoring/visuals/releases/tools.json#/10/derivatives/1	content/assets/derivatives/tools/t011-print.png	146891	d3bcbfa6c85fd0a4499f02bd92599fd3121d2fe84a6e800ca085fdd9d0ee8904	640	640	content/authoring/visuals/releases/tools.json#/10/derivatives/2	false		accepted-delivery-derivatives-byte-identical-only
tool	tool.toilet-bowl-brush	t012	1	phone=content/assets/derivatives/tools/t012-phone.png;print=content/assets/derivatives/tools/t012-print.png	tonal-line	1:1	near-white-native	single-object-moderate	ledger-pass-at-320x320	ledger-pass-grayscale	none-use-contain	atlas-reference;original-practice-within-recorded-scope	decorative-brand-surface;cropped-or-filtered-use;implied-official-content	compatible-with-framing	none-recorded-in-release-review	constrain-to-reference	Ledger phone/print review: pass. Rights review: pass — original generated geometry; no prohibited source image supplied; no logo/trade dress or official-item reconstruction observed. Exact accepted derivatives only.	codex-only	none	0	false	true	content/authoring/visuals/releases/tools.json	5e763aa5e12df9f2f5e1a0e5c08b84a0e523326269bcded83d17d20a1d54759e	content/authoring/visuals/releases/tools.json#/11	content/authoring/visuals/releases/tools.json#/11/review	10e59d7706778c6e12b8d04d64897fb36a79b5b568819954d328fa95dda91f59	["content/authoring/visuals/releases/tools.json#/11/review/rightsSimilarity"]	6ca0f4f4d9896afd90bc6062cf1cb133eb06a34f28d7771000e85f348d0f4b23	publicationGate	content/authoring/visuals/releases/tools.json#/11/publicationGate	null	content/assets/derivatives/tools/t012-phone.png	56435	c1e39c5e0811a43d651eda5d36b9fe3f3537a61320839801684197247b471b21	320	320	content/authoring/visuals/releases/tools.json#/11/derivatives/1	content/assets/derivatives/tools/t012-print.png	116020	cf736a75a214d6647f0cc9d7e5518d282e082506497e91c864f43381aee245c9	640	640	content/authoring/visuals/releases/tools.json#/11/derivatives/2	false		accepted-delivery-derivatives-byte-identical-only
tool	tool.duster	t013	1	phone=content/assets/derivatives/tools/t013-phone.png;print=content/assets/derivatives/tools/t013-print.png	tonal-line	1:1	near-white-native	single-object-moderate	ledger-pass-at-320x320	ledger-pass-grayscale	none-use-contain	atlas-reference;original-practice-within-recorded-scope	decorative-brand-surface;cropped-or-filtered-use;implied-official-content	compatible-with-framing	none-recorded-in-release-review	constrain-to-reference	Ledger phone/print review: pass. Rights review: pass — original generated geometry; no prohibited source image supplied; no logo/trade dress or official-item reconstruction observed. Exact accepted derivatives only.	codex-only	none	0	false	true	content/authoring/visuals/releases/tools.json	5e763aa5e12df9f2f5e1a0e5c08b84a0e523326269bcded83d17d20a1d54759e	content/authoring/visuals/releases/tools.json#/12	content/authoring/visuals/releases/tools.json#/12/review	10e59d7706778c6e12b8d04d64897fb36a79b5b568819954d328fa95dda91f59	["content/authoring/visuals/releases/tools.json#/12/review/rightsSimilarity"]	3f9c6b7ebc7e48a49317e0363622fd9247d5ba0c05e683ff7282b0aad62225fa	publicationGate	content/authoring/visuals/releases/tools.json#/12/publicationGate	null	content/assets/derivatives/tools/t013-phone.png	80689	447e378383f401b20820fa16d4e59ade0b1bd4c7723b820ecab767def20ac233	320	320	content/authoring/visuals/releases/tools.json#/12/derivatives/1	content/assets/derivatives/tools/t013-print.png	142874	e05d94030c52dd9d57ea40fb810e72b55346e44bc1b43c029f9e66b7f4f099dc	640	640	content/authoring/visuals/releases/tools.json#/12/derivatives/2	false		accepted-delivery-derivatives-byte-identical-only
tool	tool.dustpan	t014	1	phone=content/assets/derivatives/tools/t014-phone.png;print=content/assets/derivatives/tools/t014-print.png	tonal-line	1:1	near-white-native	single-object-moderate	ledger-pass-at-320x320	ledger-pass-grayscale	none-use-contain	atlas-reference;original-practice-within-recorded-scope	decorative-brand-surface;cropped-or-filtered-use;implied-official-content	compatible-with-framing	none-recorded-in-release-review	constrain-to-reference	Ledger phone/print review: pass. Rights review: pass — original generated geometry; no prohibited source image supplied; no logo/trade dress or official-item reconstruction observed. Exact accepted derivatives only.	codex-only	none	0	false	true	content/authoring/visuals/releases/tools.json	5e763aa5e12df9f2f5e1a0e5c08b84a0e523326269bcded83d17d20a1d54759e	content/authoring/visuals/releases/tools.json#/13	content/authoring/visuals/releases/tools.json#/13/review	10e59d7706778c6e12b8d04d64897fb36a79b5b568819954d328fa95dda91f59	["content/authoring/visuals/releases/tools.json#/13/review/rightsSimilarity"]	c60b1317a28c390e0ffbd552ab879e6bf6f8118f08e1fd83b6084b710287cc81	publicationGate	content/authoring/visuals/releases/tools.json#/13/publicationGate	null	content/assets/derivatives/tools/t014-phone.png	62654	40f1244daf7210267bc5ca16b770d9efa2688c2a007c7cb82ddaf834e884262b	320	320	content/authoring/visuals/releases/tools.json#/13/derivatives/1	content/assets/derivatives/tools/t014-print.png	117881	46d16deded1cc8105908b5c802e3bf0181dccc2e0afbc8bf91cd02a3f2e80bd3	640	640	content/authoring/visuals/releases/tools.json#/13/derivatives/2	false		accepted-delivery-derivatives-byte-identical-only
tool	tool.floor-squeegee	t015	1	phone=content/assets/derivatives/tools/t015-phone.png;print=content/assets/derivatives/tools/t015-print.png	tonal-line	1:1	near-white-native	single-object-moderate	ledger-pass-at-320x320	ledger-pass-grayscale	none-use-contain	atlas-reference;original-practice-within-recorded-scope	decorative-brand-surface;cropped-or-filtered-use;implied-official-content	compatible-with-framing	none-recorded-in-release-review	constrain-to-reference	Ledger phone/print review: pass. Rights review: pass — original generated geometry; no prohibited source image supplied; no logo/trade dress or official-item reconstruction observed. Exact accepted derivatives only.	codex-only	none	0	false	true	content/authoring/visuals/releases/tools.json	5e763aa5e12df9f2f5e1a0e5c08b84a0e523326269bcded83d17d20a1d54759e	content/authoring/visuals/releases/tools.json#/14	content/authoring/visuals/releases/tools.json#/14/review	10e59d7706778c6e12b8d04d64897fb36a79b5b568819954d328fa95dda91f59	["content/authoring/visuals/releases/tools.json#/14/review/rightsSimilarity"]	d76f130b849fae60a7e65f6ea165e59c5f09de95d19493cbe1cf0d1508871a5a	publicationGate	content/authoring/visuals/releases/tools.json#/14/publicationGate	null	content/assets/derivatives/tools/t015-phone.png	52151	93c0fff278f13eb0f221c49e088d2553eab76367ad6cfe31a040f4528310d594	320	320	content/authoring/visuals/releases/tools.json#/14/derivatives/1	content/assets/derivatives/tools/t015-print.png	110333	d18acd3c73f49f3f2c649914a1389d3a54c53191849654543b52806a3189c432	640	640	content/authoring/visuals/releases/tools.json#/14/derivatives/2	false		accepted-delivery-derivatives-byte-identical-only
tool	tool.window-squeegee	t016	1	phone=content/assets/derivatives/tools/t016-phone.png;print=content/assets/derivatives/tools/t016-print.png	tonal-line	1:1	near-white-native	single-object-moderate	ledger-pass-at-320x320	ledger-pass-grayscale	none-use-contain	atlas-reference;original-practice-within-recorded-scope	decorative-brand-surface;cropped-or-filtered-use;implied-official-content	compatible-with-framing	none-recorded-in-release-review	constrain-to-reference	Ledger phone/print review: pass. Rights review: pass — original generated geometry; no prohibited source image supplied; no logo/trade dress or official-item reconstruction observed. Exact accepted derivatives only.	codex-only	none	0	false	true	content/authoring/visuals/releases/tools.json	5e763aa5e12df9f2f5e1a0e5c08b84a0e523326269bcded83d17d20a1d54759e	content/authoring/visuals/releases/tools.json#/15	content/authoring/visuals/releases/tools.json#/15/review	10e59d7706778c6e12b8d04d64897fb36a79b5b568819954d328fa95dda91f59	["content/authoring/visuals/releases/tools.json#/15/review/rightsSimilarity"]	35ab17198675554957dda54026d544521e17b67166c0567430305612c78efdca	publicationGate	content/authoring/visuals/releases/tools.json#/15/publicationGate	null	content/assets/derivatives/tools/t016-phone.png	60663	a3f3dde82de10ebc81402bd889c55eed9a741f5dd4ef0af963f38bb58cee8619	320	320	content/authoring/visuals/releases/tools.json#/15/derivatives/1	content/assets/derivatives/tools/t016-print.png	111759	74ea2abd768c563307835e66657b5996c623ff13ea113744263fd45f5062f255	640	640	content/authoring/visuals/releases/tools.json#/15/derivatives/2	false		accepted-delivery-derivatives-byte-identical-only
tool	tool.window-strip-washer	t017	1	phone=content/assets/derivatives/tools/t017-phone.png;print=content/assets/derivatives/tools/t017-print.png	tonal-line	1:1	near-white-native	single-object-moderate	ledger-pass-at-320x320	ledger-pass-grayscale	none-use-contain	atlas-reference;original-practice-within-recorded-scope	decorative-brand-surface;cropped-or-filtered-use;implied-official-content	compatible-with-framing	none-recorded-in-release-review	constrain-to-reference	Ledger phone/print review: pass. Rights review: pass — original generated geometry; no prohibited source image supplied; no logo/trade dress or official-item reconstruction observed. Exact accepted derivatives only.	codex-only	none	0	false	true	content/authoring/visuals/releases/tools.json	5e763aa5e12df9f2f5e1a0e5c08b84a0e523326269bcded83d17d20a1d54759e	content/authoring/visuals/releases/tools.json#/16	content/authoring/visuals/releases/tools.json#/16/review	10e59d7706778c6e12b8d04d64897fb36a79b5b568819954d328fa95dda91f59	["content/authoring/visuals/releases/tools.json#/16/review/rightsSimilarity"]	a115d997f8c347ba0483020b3615b265c0f19924109840433e122aaf8a4175f4	publicationGate	content/authoring/visuals/releases/tools.json#/16/publicationGate	null	content/assets/derivatives/tools/t017-phone.png	74144	76737db61a91b7b1af3122a18664ab4770418906021ff206172ded16af381aac	320	320	content/authoring/visuals/releases/tools.json#/16/derivatives/1	content/assets/derivatives/tools/t017-print.png	133766	7e17933ba841aacbce10ca3f75ef3dff6cf7f5b8a43b3ca52d3d26d48653292c	640	640	content/authoring/visuals/releases/tools.json#/16/derivatives/2	false		accepted-delivery-derivatives-byte-identical-only
tool	equipment.janitor-cart	t018	1	phone=content/assets/derivatives/tools/t018-phone.png;print=content/assets/derivatives/tools/t018-print.png	tonal-line	1:1	near-white-native	single-object-moderate	ledger-pass-at-320x320	ledger-pass-grayscale	none-use-contain	atlas-reference;original-practice-within-recorded-scope	decorative-brand-surface;cropped-or-filtered-use;implied-official-content	compatible-with-framing	none-recorded-in-release-review	constrain-to-reference	Ledger phone/print review: pass. Rights review: pass — original generated geometry; no prohibited source image supplied; no logo/trade dress or official-item reconstruction observed. Exact accepted derivatives only.	codex-only	none	0	false	true	content/authoring/visuals/releases/tools.json	5e763aa5e12df9f2f5e1a0e5c08b84a0e523326269bcded83d17d20a1d54759e	content/authoring/visuals/releases/tools.json#/17	content/authoring/visuals/releases/tools.json#/17/review	10e59d7706778c6e12b8d04d64897fb36a79b5b568819954d328fa95dda91f59	["content/authoring/visuals/releases/tools.json#/17/review/rightsSimilarity"]	faf023823bb94a1ad66f331ba0a33759bf4a84581b67af8af29fc367930d304a	publicationGate	content/authoring/visuals/releases/tools.json#/17/publicationGate	null	content/assets/derivatives/tools/t018-phone.png	90000	6af703652e2f3988bd855644cee388d699ef798694276a862239d63ef9a42e00	320	320	content/authoring/visuals/releases/tools.json#/17/derivatives/1	content/assets/derivatives/tools/t018-print.png	160891	7be76d98ad6901e4e8108629bde4b73e62aecc24dea8c66b3676eca1aecdadd1	640	640	content/authoring/visuals/releases/tools.json#/17/derivatives/2	false		accepted-delivery-derivatives-byte-identical-only
tool	equipment.hand-truck	t019	1	phone=content/assets/derivatives/tools/t019-phone.png;print=content/assets/derivatives/tools/t019-print.png	tonal-line	1:1	near-white-native	single-object-moderate	ledger-pass-at-320x320	ledger-pass-grayscale	none-use-contain	atlas-reference;original-practice-within-recorded-scope	decorative-brand-surface;cropped-or-filtered-use;implied-official-content	compatible-with-framing	none-recorded-in-release-review	constrain-to-reference	Ledger phone/print review: pass. Rights review: pass — original generated geometry; no prohibited source image supplied; no logo/trade dress or official-item reconstruction observed. Exact accepted derivatives only.	codex-only	none	0	false	true	content/authoring/visuals/releases/tools.json	5e763aa5e12df9f2f5e1a0e5c08b84a0e523326269bcded83d17d20a1d54759e	content/authoring/visuals/releases/tools.json#/18	content/authoring/visuals/releases/tools.json#/18/review	10e59d7706778c6e12b8d04d64897fb36a79b5b568819954d328fa95dda91f59	["content/authoring/visuals/releases/tools.json#/18/review/rightsSimilarity"]	49452464ce7ecad9ea54422fd144d450465d6a54db001dd63ff99971403eb720	publicationGate	content/authoring/visuals/releases/tools.json#/18/publicationGate	null	content/assets/derivatives/tools/t019-phone.png	75080	909ae744a39c96e9ecf6774f66b7959a4a5285df54179143a1eb06d69f743ab1	320	320	content/authoring/visuals/releases/tools.json#/18/derivatives/1	content/assets/derivatives/tools/t019-print.png	135269	83feb58a756d9eba0698847a1f3a05d5045743a2fde6bd0d06c63102ce17a34e	640	640	content/authoring/visuals/releases/tools.json#/18/derivatives/2	false		accepted-delivery-derivatives-byte-identical-only
tool	equipment.dolly	t020	1	phone=content/assets/derivatives/tools/t020-phone.png;print=content/assets/derivatives/tools/t020-print.png	tonal-line	1:1	near-white-native	single-object-moderate	ledger-pass-at-320x320	ledger-pass-grayscale	none-use-contain	atlas-reference;original-practice-within-recorded-scope	decorative-brand-surface;cropped-or-filtered-use;implied-official-content	compatible-with-framing	none-recorded-in-release-review	constrain-to-reference	Ledger phone/print review: pass. Rights review: pass — original generated geometry; no prohibited source image supplied; no logo/trade dress or official-item reconstruction observed. Exact accepted derivatives only.	codex-only	none	0	false	true	content/authoring/visuals/releases/tools.json	5e763aa5e12df9f2f5e1a0e5c08b84a0e523326269bcded83d17d20a1d54759e	content/authoring/visuals/releases/tools.json#/19	content/authoring/visuals/releases/tools.json#/19/review	10e59d7706778c6e12b8d04d64897fb36a79b5b568819954d328fa95dda91f59	["content/authoring/visuals/releases/tools.json#/19/review/rightsSimilarity"]	73079e072eb4ede7255ce4ba78da7ccfdf6619c568dfd86f2bbf2b64b3fb1ba0	publicationGate	content/authoring/visuals/releases/tools.json#/19/publicationGate	null	content/assets/derivatives/tools/t020-phone.png	54561	3e54d26a4f8350e0c9dcc767d198b6a5ece4ea69902c8587aefad92cee4ba1d4	320	320	content/authoring/visuals/releases/tools.json#/19/derivatives/1	content/assets/derivatives/tools/t020-print.png	108245	834073c1933f8b322f70bfe0b92c25b32dcca6b7a86f3b02173aefc441b21f7b	640	640	content/authoring/visuals/releases/tools.json#/19/derivatives/2	false		accepted-delivery-derivatives-byte-identical-only
tool	equipment.vacuum.upright	t021	1	phone=content/assets/derivatives/tools/t021-phone.png;print=content/assets/derivatives/tools/t021-print.png	tonal-line	1:1	near-white-native	single-object-moderate	ledger-pass-at-320x320	ledger-pass-grayscale	none-use-contain	atlas-reference;unscored-identification-only	decorative-brand-surface;cropped-or-filtered-use;implied-official-content;scored-comparison-until-specialist-signoff	assessment-only	none-recorded-in-release-review	future-separate-review	Ledger phone/print review: pass. Rights review: pass — original generated geometry; no prohibited source image supplied; no logo/trade dress or official-item reconstruction observed. Gate: Before scored upright-vacuum versus carpet-extractor comparison use, obtain specialist comparative signoff; the selected drawings represent specific generic configurations, not universal silhouettes.	codex-only	none	0	false	true	content/authoring/visuals/releases/tools.json	5e763aa5e12df9f2f5e1a0e5c08b84a0e523326269bcded83d17d20a1d54759e	content/authoring/visuals/releases/tools.json#/20	content/authoring/visuals/releases/tools.json#/20/review	10e59d7706778c6e12b8d04d64897fb36a79b5b568819954d328fa95dda91f59	["content/authoring/visuals/releases/tools.json#/20/review/rightsSimilarity"]	37fd632c01b85d0628e5bd54b4170b37de3d6b7102c9fd89af0804ac98265ede	publicationGate	content/authoring/visuals/releases/tools.json#/20/publicationGate	"Before scored upright-vacuum versus carpet-extractor comparison use, obtain specialist comparative signoff; the selected drawings represent specific generic configurations, not universal silhouettes."	content/assets/derivatives/tools/t021-phone.png	57728	aa8ba9e87361cc3100bf765b4ff565e50170a1f21d1ae924eb525a17ae4b94df	320	320	content/authoring/visuals/releases/tools.json#/20/derivatives/1	content/assets/derivatives/tools/t021-print.png	110284	88d34190f5f26a5892e568e32e55927da94af6c200818b6da42689a17dd3e9e9	640	640	content/authoring/visuals/releases/tools.json#/20/derivatives/2	false		accepted-delivery-derivatives-byte-identical-only
tool	equipment.vacuum.canister	t022	1	phone=content/assets/derivatives/tools/t022-phone.png;print=content/assets/derivatives/tools/t022-print.png	tonal-line	1:1	near-white-native	single-object-moderate	ledger-pass-at-320x320	ledger-pass-grayscale	none-use-contain	atlas-reference;original-practice-within-recorded-scope	decorative-brand-surface;cropped-or-filtered-use;implied-official-content	compatible-with-framing	none-recorded-in-release-review	constrain-to-reference	Ledger phone/print review: pass. Rights review: pass — original generated geometry; no prohibited source image supplied; no logo/trade dress or official-item reconstruction observed. Exact accepted derivatives only.	codex-only	none	0	false	true	content/authoring/visuals/releases/tools.json	5e763aa5e12df9f2f5e1a0e5c08b84a0e523326269bcded83d17d20a1d54759e	content/authoring/visuals/releases/tools.json#/21	content/authoring/visuals/releases/tools.json#/21/review	10e59d7706778c6e12b8d04d64897fb36a79b5b568819954d328fa95dda91f59	["content/authoring/visuals/releases/tools.json#/21/review/rightsSimilarity"]	7f009a2ce4ec3dbc9978a23fef95104043a24a4fc690ce7875a5b297af126a63	publicationGate	content/authoring/visuals/releases/tools.json#/21/publicationGate	null	content/assets/derivatives/tools/t022-phone.png	76995	8d8698881c9b7c0282331b0b3af8e238a2d5b96f179e51460e0fdda1becbc221	320	320	content/authoring/visuals/releases/tools.json#/21/derivatives/1	content/assets/derivatives/tools/t022-print.png	137282	b0fd5419fb1bfd3047f56b3a27c95ac2f9f63aab5e336579190ca5edd2b0e516	640	640	content/authoring/visuals/releases/tools.json#/21/derivatives/2	false		accepted-delivery-derivatives-byte-identical-only
tool	equipment.vacuum.wet-dry	t023	1	phone=content/assets/derivatives/tools/t023-phone.png;print=content/assets/derivatives/tools/t023-print.png	tonal-line	1:1	near-white-native	single-object-moderate	ledger-pass-at-320x320	ledger-pass-grayscale	none-use-contain	atlas-reference;original-practice-within-recorded-scope	decorative-brand-surface;cropped-or-filtered-use;implied-official-content	compatible-with-framing	none-recorded-in-release-review	constrain-to-reference	Ledger phone/print review: pass. Rights review: pass — original generated geometry; no prohibited source image supplied; no logo/trade dress or official-item reconstruction observed. Exact accepted derivatives only.	codex-only	none	0	false	true	content/authoring/visuals/releases/tools.json	5e763aa5e12df9f2f5e1a0e5c08b84a0e523326269bcded83d17d20a1d54759e	content/authoring/visuals/releases/tools.json#/22	content/authoring/visuals/releases/tools.json#/22/review	10e59d7706778c6e12b8d04d64897fb36a79b5b568819954d328fa95dda91f59	["content/authoring/visuals/releases/tools.json#/22/review/rightsSimilarity"]	be8b0580fb9f23737a70e0886590b0d264213d5a7b871768c8d042b7bb411983	publicationGate	content/authoring/visuals/releases/tools.json#/22/publicationGate	null	content/assets/derivatives/tools/t023-phone.png	81281	e28acc82817e087d68d6ceec5b56ed024fadde0e4e5f497111fc309634d4854e	320	320	content/authoring/visuals/releases/tools.json#/22/derivatives/1	content/assets/derivatives/tools/t023-print.png	147968	20818e46ff88364b29d5e8c45e77fe93d48353aaa3a0a6d60778caceacb29320	640	640	content/authoring/visuals/releases/tools.json#/22/derivatives/2	false		accepted-delivery-derivatives-byte-identical-only
tool	equipment.carpet-extractor	t024	1	phone=content/assets/derivatives/tools/t024-phone.png;print=content/assets/derivatives/tools/t024-print.png	tonal-line	1:1	near-white-native	single-object-moderate	ledger-pass-at-320x320	ledger-pass-grayscale	none-use-contain	atlas-reference;unscored-identification-only	decorative-brand-surface;cropped-or-filtered-use;implied-official-content;scored-comparison-until-specialist-signoff	assessment-only	none-recorded-in-release-review	future-separate-review	Ledger phone/print review: pass. Rights review: pass — original generated geometry; no prohibited source image supplied; no logo/trade dress or official-item reconstruction observed. Gate: Before scored upright-vacuum versus carpet-extractor comparison use, obtain specialist comparative signoff; the selected drawings represent specific generic configurations, not universal silhouettes.	codex-only	none	0	false	true	content/authoring/visuals/releases/tools.json	5e763aa5e12df9f2f5e1a0e5c08b84a0e523326269bcded83d17d20a1d54759e	content/authoring/visuals/releases/tools.json#/23	content/authoring/visuals/releases/tools.json#/23/review	10e59d7706778c6e12b8d04d64897fb36a79b5b568819954d328fa95dda91f59	["content/authoring/visuals/releases/tools.json#/23/review/rightsSimilarity"]	a4b493d48c6ff45b80acd58d48939b91c4cf6249430ae3ec3e65b7af52ef024d	publicationGate	content/authoring/visuals/releases/tools.json#/23/publicationGate	"Before scored upright-vacuum versus carpet-extractor comparison use, obtain specialist comparative signoff; the selected drawings represent specific generic configurations, not universal silhouettes."	content/assets/derivatives/tools/t024-phone.png	75022	bd011277caf3b959d50bcc5c21943d23c14f892757f37506dad77541ca4c331f	320	320	content/authoring/visuals/releases/tools.json#/23/derivatives/1	content/assets/derivatives/tools/t024-print.png	134351	d6236c8f2c6a0edb96f5decfb124528086fc30b054912844d424133a23481c62	640	640	content/authoring/visuals/releases/tools.json#/23/derivatives/2	false		accepted-delivery-derivatives-byte-identical-only
tool	equipment.steam-cleaner	t025	1	phone=content/assets/derivatives/tools/t025-phone.png;print=content/assets/derivatives/tools/t025-print.png	tonal-line	1:1	near-white-native	single-object-moderate	ledger-pass-at-320x320	ledger-pass-grayscale	none-use-contain	atlas-reference;original-practice-within-recorded-scope	decorative-brand-surface;cropped-or-filtered-use;implied-official-content	compatible-with-framing	none-recorded-in-release-review	constrain-to-reference	Ledger phone/print review: pass. Rights review: pass — original generated geometry; no prohibited source image supplied; no logo/trade dress or official-item reconstruction observed. Exact accepted derivatives only.	codex-only	none	0	false	true	content/authoring/visuals/releases/tools.json	5e763aa5e12df9f2f5e1a0e5c08b84a0e523326269bcded83d17d20a1d54759e	content/authoring/visuals/releases/tools.json#/24	content/authoring/visuals/releases/tools.json#/24/review	10e59d7706778c6e12b8d04d64897fb36a79b5b568819954d328fa95dda91f59	["content/authoring/visuals/releases/tools.json#/24/review/rightsSimilarity"]	4c89e0bda6473b6e542dda0018bde42379d21cd07fb2e407373f67d24aae1cf1	publicationGate	content/authoring/visuals/releases/tools.json#/24/publicationGate	null	content/assets/derivatives/tools/t025-phone.png	73457	f3591875bc37ecb344329c2c0f6a51b94d9802b3cd47e317c44ce7234bd8c830	320	320	content/authoring/visuals/releases/tools.json#/24/derivatives/1	content/assets/derivatives/tools/t025-print.png	131759	8f7453e861c25150fa19d617df646e450cf0034ecac2e6ae8fda720a2bc2717e	640	640	content/authoring/visuals/releases/tools.json#/24/derivatives/2	false		accepted-delivery-derivatives-byte-identical-only
tool	equipment.floor-machine.low-speed	t026	1	phone=content/assets/derivatives/tools/t026-phone.png;print=content/assets/derivatives/tools/t026-print.png	tonal-line	1:1	near-white-native	single-object-moderate	ledger-pass-at-320x320	ledger-pass-grayscale	none-use-contain	atlas-reference;unscored-identification-only	decorative-brand-surface;cropped-or-filtered-use;implied-official-content;scored-comparison-until-specialist-signoff	assessment-only	none-recorded-in-release-review	future-separate-review	Ledger phone/print review: pass. Rights review: pass — original generated geometry; no prohibited source image supplied; no logo/trade dress or official-item reconstruction observed. Gate: Before scored floor-machine versus burnisher comparison use, obtain specialist comparative signoff; accessory and chassis geometry are representative, not universal.	codex-only	none	0	false	true	content/authoring/visuals/releases/tools.json	5e763aa5e12df9f2f5e1a0e5c08b84a0e523326269bcded83d17d20a1d54759e	content/authoring/visuals/releases/tools.json#/25	content/authoring/visuals/releases/tools.json#/25/review	10e59d7706778c6e12b8d04d64897fb36a79b5b568819954d328fa95dda91f59	["content/authoring/visuals/releases/tools.json#/25/review/rightsSimilarity"]	cf032a03f1a556acd9802e415e301d2a3387f1c57d41af07c72bbcc386d282e6	publicationGate	content/authoring/visuals/releases/tools.json#/25/publicationGate	"Before scored floor-machine versus burnisher comparison use, obtain specialist comparative signoff; accessory and chassis geometry are representative, not universal."	content/assets/derivatives/tools/t026-phone.png	77770	96a3bd8940cd70c357813980f027b9ad521e952ff60581b5c99e24ad7f7f2b1c	320	320	content/authoring/visuals/releases/tools.json#/25/derivatives/1	content/assets/derivatives/tools/t026-print.png	137111	398d9afde7e1cb5e8834549b8e53d6c494dfc6f40352410e3bf9480477dcbafc	640	640	content/authoring/visuals/releases/tools.json#/25/derivatives/2	false		accepted-delivery-derivatives-byte-identical-only
tool	equipment.burnisher.high-speed	t027	1	phone=content/assets/derivatives/tools/t027-phone.png;print=content/assets/derivatives/tools/t027-print.png	tonal-line	1:1	near-white-native	single-object-moderate	ledger-pass-at-320x320	ledger-pass-grayscale	none-use-contain	atlas-reference;unscored-identification-only	decorative-brand-surface;cropped-or-filtered-use;implied-official-content;scored-comparison-until-specialist-signoff	assessment-only	none-recorded-in-release-review	future-separate-review	Ledger phone/print review: pass. Rights review: pass — original generated geometry; no prohibited source image supplied; no logo/trade dress or official-item reconstruction observed. Gate: Before scored floor-machine versus burnisher comparison use, obtain specialist comparative signoff; accessory and chassis geometry are representative, not universal.	codex-only	none	0	false	true	content/authoring/visuals/releases/tools.json	5e763aa5e12df9f2f5e1a0e5c08b84a0e523326269bcded83d17d20a1d54759e	content/authoring/visuals/releases/tools.json#/26	content/authoring/visuals/releases/tools.json#/26/review	10e59d7706778c6e12b8d04d64897fb36a79b5b568819954d328fa95dda91f59	["content/authoring/visuals/releases/tools.json#/26/review/rightsSimilarity"]	57b706825fb1ff539358db5bffbe66b9f4d82f99ad59ac8dab7f2d13817b54e3	publicationGate	content/authoring/visuals/releases/tools.json#/26/publicationGate	"Before scored floor-machine versus burnisher comparison use, obtain specialist comparative signoff; accessory and chassis geometry are representative, not universal."	content/assets/derivatives/tools/t027-phone.png	76837	f7497f9ec9c4a4b336c795de52aba25fbb4271cfd96bbd027b729590c12fa2ef	320	320	content/authoring/visuals/releases/tools.json#/26/derivatives/1	content/assets/derivatives/tools/t027-print.png	139819	fdde3d608d341af10c3dffb5c59fa4374ec7d023a7db6af301f0db67845636f5	640	640	content/authoring/visuals/releases/tools.json#/26/derivatives/2	false		accepted-delivery-derivatives-byte-identical-only
tool	equipment.vacuum.ride-on	t028	1	phone=content/assets/derivatives/tools/t028-phone.png;print=content/assets/derivatives/tools/t028-print.png	tonal-line	1:1	near-white-native	single-object-moderate	ledger-pass-at-320x320	ledger-pass-grayscale	none-use-contain	atlas-reference;entry-recognition-only	decorative-brand-surface;cropped-or-filtered-use;implied-official-content;operation-teaching;use-beyond-recorded-scope	assessment-only	none-recorded-in-release-review	future-separate-review	Ledger phone/print review: pass. Rights review: pass — original generated geometry; no prohibited source image supplied; no logo/trade dress or official-item reconstruction observed. Gate: Entry recognition only pending scope and specialist review; do not infer a universal ride-on vacuum silhouette or teach operation from the image.	codex-only	none	0	false	true	content/authoring/visuals/releases/tools.json	5e763aa5e12df9f2f5e1a0e5c08b84a0e523326269bcded83d17d20a1d54759e	content/authoring/visuals/releases/tools.json#/27	content/authoring/visuals/releases/tools.json#/27/review	10e59d7706778c6e12b8d04d64897fb36a79b5b568819954d328fa95dda91f59	["content/authoring/visuals/releases/tools.json#/27/review/rightsSimilarity"]	6f759f105cb0263b46530687f693bcba6b08bfbe7203daf3963a604ccc6ac129	publicationGate	content/authoring/visuals/releases/tools.json#/27/publicationGate	"Entry recognition only pending scope and specialist review; do not infer a universal ride-on vacuum silhouette or teach operation from the image."	content/assets/derivatives/tools/t028-phone.png	101766	1029709ac57b5ab4da3504283464c8a50428616c87cba06ed26a3a80c4d222ef	320	320	content/authoring/visuals/releases/tools.json#/27/derivatives/1	content/assets/derivatives/tools/t028-print.png	182842	c435cf6686f21472f433b37b3e461d3134ef4db8a0e32c4127c9619e1a957242	640	640	content/authoring/visuals/releases/tools.json#/27/derivatives/2	false		accepted-delivery-derivatives-byte-identical-only
tool	equipment.snow-blower	t029	1	phone=content/assets/derivatives/tools/t029-phone.png;print=content/assets/derivatives/tools/t029-print.png	tonal-line	1:1	near-white-native	single-object-moderate	ledger-pass-at-320x320	ledger-pass-grayscale	none-use-contain	atlas-reference;entry-recognition-only	decorative-brand-surface;cropped-or-filtered-use;implied-official-content;operation-teaching;use-beyond-recorded-scope	assessment-only	none-recorded-in-release-review	future-separate-review	Ledger phone/print review: pass. Rights review: pass — original generated geometry; no prohibited source image supplied; no logo/trade dress or official-item reconstruction observed. Gate: Entry recognition/basic-safety use only pending scope review; do not teach operation from the image.	codex-only	none	0	false	true	content/authoring/visuals/releases/tools.json	5e763aa5e12df9f2f5e1a0e5c08b84a0e523326269bcded83d17d20a1d54759e	content/authoring/visuals/releases/tools.json#/28	content/authoring/visuals/releases/tools.json#/28/review	10e59d7706778c6e12b8d04d64897fb36a79b5b568819954d328fa95dda91f59	["content/authoring/visuals/releases/tools.json#/28/review/rightsSimilarity"]	fb8a687a1a866ee54e375ff51be3e591aae8394f03c8f5b41758b2f9b43ee4ab	publicationGate	content/authoring/visuals/releases/tools.json#/28/publicationGate	"Entry recognition/basic-safety use only pending scope review; do not teach operation from the image."	content/assets/derivatives/tools/t029-phone.png	95735	dc8b94db0ca081b9e39cc15b6b1805bfd24286ae7f7bc21282eb905b9c9bfb0c	320	320	content/authoring/visuals/releases/tools.json#/28/derivatives/1	content/assets/derivatives/tools/t029-print.png	168369	28ca11b4ca8356c785038f97a649e666fe1017bc3880646148fecf928a5a390c	640	640	content/authoring/visuals/releases/tools.json#/28/derivatives/2	false		accepted-delivery-derivatives-byte-identical-only
tool	equipment.hedge-trimmer	t030	1	phone=content/assets/derivatives/tools/t030-phone.png;print=content/assets/derivatives/tools/t030-print.png	tonal-line	1:1	near-white-native	single-object-moderate	ledger-pass-at-320x320	ledger-pass-grayscale	none-use-contain	atlas-reference;entry-recognition-only	decorative-brand-surface;cropped-or-filtered-use;implied-official-content;operation-teaching;use-beyond-recorded-scope	assessment-only	none-recorded-in-release-review	future-separate-review	Ledger phone/print review: pass. Rights review: pass — original generated geometry; no prohibited source image supplied; no logo/trade dress or official-item reconstruction observed. Gate: Entry recognition/basic-safety use only pending scope review; do not teach operation from the image.	codex-only	none	0	false	true	content/authoring/visuals/releases/tools.json	5e763aa5e12df9f2f5e1a0e5c08b84a0e523326269bcded83d17d20a1d54759e	content/authoring/visuals/releases/tools.json#/29	content/authoring/visuals/releases/tools.json#/29/review	10e59d7706778c6e12b8d04d64897fb36a79b5b568819954d328fa95dda91f59	["content/authoring/visuals/releases/tools.json#/29/review/rightsSimilarity"]	a32fae78a8c62d6d2fd114d1ad3c50e310377fe842c583f52482af73dd2550f2	publicationGate	content/authoring/visuals/releases/tools.json#/29/publicationGate	"Entry recognition/basic-safety use only pending scope review; do not teach operation from the image."	content/assets/derivatives/tools/t030-phone.png	55717	25a8b3ff1156e63bb084dcffa551ecfb4ccdc9d3ee17016c7dfecd83b13fdb01	320	320	content/authoring/visuals/releases/tools.json#/29/derivatives/1	content/assets/derivatives/tools/t030-print.png	112589	fe52c199a0f49b0e936105844a3efbf8c1542c643a3c23d6bd2004a66c3719d7	640	640	content/authoring/visuals/releases/tools.json#/29/derivatives/2	false		accepted-delivery-derivatives-byte-identical-only
tool	tool.hammer.claw	t031	1	phone=content/assets/derivatives/tools/t031-phone.png;print=content/assets/derivatives/tools/t031-print.png	tonal-line	1:1	near-white-native	single-object-moderate	ledger-pass-at-320x320	ledger-pass-grayscale	none-use-contain	atlas-reference;original-practice-within-recorded-scope	decorative-brand-surface;cropped-or-filtered-use;implied-official-content	compatible-with-framing	none-recorded-in-release-review	constrain-to-reference	Ledger phone/print review: pass. Rights review: pass — original generated geometry; no prohibited source image supplied; no logo/trade dress or official-item reconstruction observed. Exact accepted derivatives only.	codex-only	none	0	false	true	content/authoring/visuals/releases/tools.json	5e763aa5e12df9f2f5e1a0e5c08b84a0e523326269bcded83d17d20a1d54759e	content/authoring/visuals/releases/tools.json#/30	content/authoring/visuals/releases/tools.json#/30/review	10e59d7706778c6e12b8d04d64897fb36a79b5b568819954d328fa95dda91f59	["content/authoring/visuals/releases/tools.json#/30/review/rightsSimilarity"]	b0b1be669f6d1f3e5109b9e2c264c5b7b6c9cd139b844940af1929cfa33959a6	publicationGate	content/authoring/visuals/releases/tools.json#/30/publicationGate	null	content/assets/derivatives/tools/t031-phone.png	60394	56e17beae3220f11d3d6c21cc14b22f2a7ccbbe72eb2cf4ae082ccc882a3dbcf	320	320	content/authoring/visuals/releases/tools.json#/30/derivatives/1	content/assets/derivatives/tools/t031-print.png	124284	8fcd553af0e3eb6f70babe7b3b2a6a7ed9a4a134a4c7f14e6c973d13106c2dbb	640	640	content/authoring/visuals/releases/tools.json#/30/derivatives/2	false		accepted-delivery-derivatives-byte-identical-only
tool	tool.hammer.ball-peen	t032	1	phone=content/assets/derivatives/tools/t032-phone.png;print=content/assets/derivatives/tools/t032-print.png	tonal-line	1:1	near-white-native	single-object-moderate	ledger-pass-at-320x320	ledger-pass-grayscale	none-use-contain	atlas-reference;original-practice-within-recorded-scope	decorative-brand-surface;cropped-or-filtered-use;implied-official-content	compatible-with-framing	none-recorded-in-release-review	constrain-to-reference	Ledger phone/print review: pass. Rights review: pass — original generated geometry; no prohibited source image supplied; no logo/trade dress or official-item reconstruction observed. Exact accepted derivatives only.	codex-only	none	0	false	true	content/authoring/visuals/releases/tools.json	5e763aa5e12df9f2f5e1a0e5c08b84a0e523326269bcded83d17d20a1d54759e	content/authoring/visuals/releases/tools.json#/31	content/authoring/visuals/releases/tools.json#/31/review	10e59d7706778c6e12b8d04d64897fb36a79b5b568819954d328fa95dda91f59	["content/authoring/visuals/releases/tools.json#/31/review/rightsSimilarity"]	3fbc8c9fd6a2e2f1fae0110b504e263f949e930334f74ac0f44a54148f13d2f0	publicationGate	content/authoring/visuals/releases/tools.json#/31/publicationGate	null	content/assets/derivatives/tools/t032-phone.png	59111	5e0ba1369828c94b70e030cd79fd68f0febd43634d713575be5b14ae74ddc5ea	320	320	content/authoring/visuals/releases/tools.json#/31/derivatives/1	content/assets/derivatives/tools/t032-print.png	122541	a7fd9003ae9ee675437a144246038ff6a6daa0b02291063dd9f6166d70a9479f	640	640	content/authoring/visuals/releases/tools.json#/31/derivatives/2	false		accepted-delivery-derivatives-byte-identical-only
tool	tool.mallet.rubber	t033	1	phone=content/assets/derivatives/tools/t033-phone.png;print=content/assets/derivatives/tools/t033-print.png	tonal-line	1:1	near-white-native	single-object-moderate	ledger-pass-at-320x320	ledger-pass-grayscale	none-use-contain	atlas-reference;original-practice-within-recorded-scope	decorative-brand-surface;cropped-or-filtered-use;implied-official-content	compatible-with-framing	none-recorded-in-release-review	constrain-to-reference	Ledger phone/print review: pass. Rights review: pass — original generated geometry; no prohibited source image supplied; no logo/trade dress or official-item reconstruction observed. Exact accepted derivatives only.	codex-only	none	0	false	true	content/authoring/visuals/releases/tools.json	5e763aa5e12df9f2f5e1a0e5c08b84a0e523326269bcded83d17d20a1d54759e	content/authoring/visuals/releases/tools.json#/32	content/authoring/visuals/releases/tools.json#/32/review	10e59d7706778c6e12b8d04d64897fb36a79b5b568819954d328fa95dda91f59	["content/authoring/visuals/releases/tools.json#/32/review/rightsSimilarity"]	37f7c0d79572fc66aebedcf73d1a646339e07ab31681b7bbcebb0e92f57290fc	publicationGate	content/authoring/visuals/releases/tools.json#/32/publicationGate	null	content/assets/derivatives/tools/t033-phone.png	70744	5a4a6e9b11895d7d9ee89aaca274589cedc39d0fae57b2f7931a8210fd31a45b	320	320	content/authoring/visuals/releases/tools.json#/32/derivatives/1	content/assets/derivatives/tools/t033-print.png	130138	b5c754eb542af80d32bb8cbc9d233ec73777d1c0857787a79ad4bf4c4be5fc0b	640	640	content/authoring/visuals/releases/tools.json#/32/derivatives/2	false		accepted-delivery-derivatives-byte-identical-only
tool	tool.screwdriver.slotted	t034	1	phone=content/assets/derivatives/tools/t034-phone.png;print=content/assets/derivatives/tools/t034-print.png	tonal-line	1:1	near-white-native	single-object-moderate	ledger-pass-at-320x320	ledger-pass-grayscale	none-use-contain	atlas-reference;original-practice-within-recorded-scope	decorative-brand-surface;cropped-or-filtered-use;implied-official-content	compatible-with-framing	none-recorded-in-release-review	constrain-to-reference	Ledger phone/print review: pass. Rights review: pass — original generated geometry; no prohibited source image supplied; no logo/trade dress or official-item reconstruction observed. Exact accepted derivatives only.	codex-only	none	0	false	true	content/authoring/visuals/releases/tools.json	5e763aa5e12df9f2f5e1a0e5c08b84a0e523326269bcded83d17d20a1d54759e	content/authoring/visuals/releases/tools.json#/33	content/authoring/visuals/releases/tools.json#/33/review	10e59d7706778c6e12b8d04d64897fb36a79b5b568819954d328fa95dda91f59	["content/authoring/visuals/releases/tools.json#/33/review/rightsSimilarity"]	7de8f6a383d1324167e8c22cd4f91cc8c927210be9e3da49e767a25392e77d52	publicationGate	content/authoring/visuals/releases/tools.json#/33/publicationGate	null	content/assets/derivatives/tools/t034-phone.png	49345	ad60f950781ee24f115d880887bef2eb6ecf476836782d090c79a02204f387c9	320	320	content/authoring/visuals/releases/tools.json#/33/derivatives/1	content/assets/derivatives/tools/t034-print.png	110331	9edd6c6d6f8ccc61e5b15ab7319bea954dffe11f93ab41555d10371b66a8f6bf	640	640	content/authoring/visuals/releases/tools.json#/33/derivatives/2	false		accepted-delivery-derivatives-byte-identical-only
tool	tool.screwdriver.phillips	t035	1	phone=content/assets/derivatives/tools/t035-phone.png;print=content/assets/derivatives/tools/t035-print.png	tonal-line	1:1	near-white-native	single-object-moderate	ledger-pass-at-320x320	ledger-pass-grayscale	none-use-contain	atlas-reference;original-practice-within-recorded-scope	decorative-brand-surface;cropped-or-filtered-use;implied-official-content	compatible-with-framing	none-recorded-in-release-review	constrain-to-reference	Ledger phone/print review: pass. Rights review: pass — original generated geometry; no prohibited source image supplied; no logo/trade dress or official-item reconstruction observed. Exact accepted derivatives only.	codex-only	none	0	false	true	content/authoring/visuals/releases/tools.json	5e763aa5e12df9f2f5e1a0e5c08b84a0e523326269bcded83d17d20a1d54759e	content/authoring/visuals/releases/tools.json#/34	content/authoring/visuals/releases/tools.json#/34/review	10e59d7706778c6e12b8d04d64897fb36a79b5b568819954d328fa95dda91f59	["content/authoring/visuals/releases/tools.json#/34/review/rightsSimilarity"]	771c9c5b7458d5e8c80465f8c2ba0e555b80f1e54ae92fdeea0f10fa92a1fb15	publicationGate	content/authoring/visuals/releases/tools.json#/34/publicationGate	null	content/assets/derivatives/tools/t035-phone.png	59221	ee6de87329f9742fcc8094233e485d84d26ce67d756bc648d12d2c949609d34d	320	320	content/authoring/visuals/releases/tools.json#/34/derivatives/1	content/assets/derivatives/tools/t035-print.png	122603	51b4282cf78ca1cb5ec4fcfedb28f8ae76ea7bba472d549c38c2be408d7d9dd7	640	640	content/authoring/visuals/releases/tools.json#/34/derivatives/2	false		accepted-delivery-derivatives-byte-identical-only
tool	tool.adjustable-wrench	t036	1	phone=content/assets/derivatives/tools/t036-phone.png;print=content/assets/derivatives/tools/t036-print.png	tonal-line	1:1	near-white-native	single-object-moderate	ledger-pass-at-320x320	ledger-pass-grayscale	none-use-contain	atlas-reference;original-practice-within-recorded-scope	decorative-brand-surface;cropped-or-filtered-use;implied-official-content	compatible-with-framing	none-recorded-in-release-review	use-as-is	Ledger phone/print review: pass. Rights review: pass — original generated geometry; no prohibited source image supplied; no logo/trade dress or official-item reconstruction observed. Exact accepted derivatives only.	codex-only	none	0	false	true	content/authoring/visuals/releases/tools.json	5e763aa5e12df9f2f5e1a0e5c08b84a0e523326269bcded83d17d20a1d54759e	content/authoring/visuals/releases/tools.json#/35	content/authoring/visuals/releases/tools.json#/35/review	10e59d7706778c6e12b8d04d64897fb36a79b5b568819954d328fa95dda91f59	["content/authoring/visuals/releases/tools.json#/35/review/rightsSimilarity"]	83d3403f0af318866fe52b9316298cc496107946a3dd781a3653ddb784cbb8f6	publicationGate	content/authoring/visuals/releases/tools.json#/35/publicationGate	null	content/assets/derivatives/tools/t036-phone.png	62147	53b51d08c7f80ea4109bca467b0f8b46636083a6f22f5f490837d4621ab18e0e	320	320	content/authoring/visuals/releases/tools.json#/35/derivatives/1	content/assets/derivatives/tools/t036-print.png	118864	8533fdca062b8bdf37ab88d10478b8254cbec754fa5de8c7a64d9c7c5f196423	640	640	content/authoring/visuals/releases/tools.json#/35/derivatives/2	false		accepted-delivery-derivatives-byte-identical-only
tool	tool.pipe-wrench	t037	2	phone=content/assets/derivatives/tools/t037-phone.png;print=content/assets/derivatives/tools/t037-print.png	tonal-line	1:1	near-white-native	single-object-moderate	ledger-pass-at-320x320	ledger-pass-grayscale	none-use-contain	atlas-reference;original-practice-within-recorded-scope	decorative-brand-surface;cropped-or-filtered-use;implied-official-content	compatible-with-framing	none-recorded-in-release-review	use-as-is	Ledger phone/print review: pass. Rights review: pass — original generated geometry; no prohibited source image supplied; no logo/trade dress or official-item reconstruction observed. Exact accepted derivatives only.	codex-only	none	0	false	true	content/authoring/visuals/releases/tools.json	5e763aa5e12df9f2f5e1a0e5c08b84a0e523326269bcded83d17d20a1d54759e	content/authoring/visuals/releases/tools.json#/36	content/authoring/visuals/releases/tools.json#/36/review	771965a05e4e8edcc306392515aa6d6ff6dbe35baae8def862b3dabce4cd26f1	["content/authoring/visuals/releases/tools.json#/36/review/rightsSimilarity"]	b8d4f1795bc240d9850503fe096f771365ee27e3c16290a5226cf0d6ae8cb460	publicationGate	content/authoring/visuals/releases/tools.json#/36/publicationGate	null	content/assets/derivatives/tools/t037-phone.png	65906	1030db9971d5bcee354dda2a70317c90a1db963f5578827e6efbecb39ae20770	320	320	content/authoring/visuals/releases/tools.json#/36/derivatives/1	content/assets/derivatives/tools/t037-print.png	122219	29ded9744a7fa55a405ad376c97a3a23de56b99c21d0286dd7ce34680d852ec6	640	640	content/authoring/visuals/releases/tools.json#/36/derivatives/2	true	research/ui-ux/consumer-visual-system/prototype.mjs#semanticFingerprintInput.frames[frameId=browse-tool-detail].asset	accepted-delivery-derivatives-byte-identical-only
tool	tool.wrench.fixed	t038	1	phone=content/assets/derivatives/tools/t038-phone.png;print=content/assets/derivatives/tools/t038-print.png	tonal-line	1:1	near-white-native	single-object-moderate	ledger-pass-at-320x320	ledger-pass-grayscale	none-use-contain	atlas-reference;original-practice-within-recorded-scope	decorative-brand-surface;cropped-or-filtered-use;implied-official-content	compatible-with-framing	none-recorded-in-release-review	constrain-to-reference	Ledger phone/print review: pass. Rights review: pass — original generated geometry; no prohibited source image supplied; no logo/trade dress or official-item reconstruction observed. Exact accepted derivatives only.	codex-only	none	0	false	true	content/authoring/visuals/releases/tools.json	5e763aa5e12df9f2f5e1a0e5c08b84a0e523326269bcded83d17d20a1d54759e	content/authoring/visuals/releases/tools.json#/37	content/authoring/visuals/releases/tools.json#/37/review	10e59d7706778c6e12b8d04d64897fb36a79b5b568819954d328fa95dda91f59	["content/authoring/visuals/releases/tools.json#/37/review/rightsSimilarity"]	d0050c09eff2a15d095aa4f86aeda1d1f1a7cc44a1de803faa2d5f146bf1129a	publicationGate	content/authoring/visuals/releases/tools.json#/37/publicationGate	null	content/assets/derivatives/tools/t038-phone.png	47062	64e0752591acd91c6f41d062224cabca1fdb0254a2d12d959ceda09a59d59042	320	320	content/authoring/visuals/releases/tools.json#/37/derivatives/1	content/assets/derivatives/tools/t038-print.png	107042	b4b33b758cb57b11c3a3cf2de93f77ce693321686c6f9242d9d216b15584de72	640	640	content/authoring/visuals/releases/tools.json#/37/derivatives/2	false		accepted-delivery-derivatives-byte-identical-only
tool	tool.pliers.slip-joint	t039	1	phone=content/assets/derivatives/tools/t039-phone.png;print=content/assets/derivatives/tools/t039-print.png	tonal-line	1:1	near-white-native	single-object-moderate	ledger-pass-at-320x320	ledger-pass-grayscale	none-use-contain	atlas-reference;original-practice-within-recorded-scope	decorative-brand-surface;cropped-or-filtered-use;implied-official-content	compatible-with-framing	none-recorded-in-release-review	constrain-to-reference	Ledger phone/print review: pass. Rights review: pass — original generated geometry; no prohibited source image supplied; no logo/trade dress or official-item reconstruction observed. Exact accepted derivatives only.	codex-only	none	0	false	true	content/authoring/visuals/releases/tools.json	5e763aa5e12df9f2f5e1a0e5c08b84a0e523326269bcded83d17d20a1d54759e	content/authoring/visuals/releases/tools.json#/38	content/authoring/visuals/releases/tools.json#/38/review	10e59d7706778c6e12b8d04d64897fb36a79b5b568819954d328fa95dda91f59	["content/authoring/visuals/releases/tools.json#/38/review/rightsSimilarity"]	2a05e5cd84e757961b28221bce021d08d35482a4f3214e3a5ae59663fee882c5	publicationGate	content/authoring/visuals/releases/tools.json#/38/publicationGate	null	content/assets/derivatives/tools/t039-phone.png	68647	ac7a099c8efea286edf6df5eb5a8b2eab807c9f51fb22825d47268536a5559a5	320	320	content/authoring/visuals/releases/tools.json#/38/derivatives/1	content/assets/derivatives/tools/t039-print.png	122346	0e5eddee05c21253f844c6311b79b5f684f0fb1384aee7e2f060443fc08df6b2	640	640	content/authoring/visuals/releases/tools.json#/38/derivatives/2	false		accepted-delivery-derivatives-byte-identical-only
tool	tool.pliers.tongue-groove	t040	1	phone=content/assets/derivatives/tools/t040-phone.png;print=content/assets/derivatives/tools/t040-print.png	tonal-line	1:1	near-white-native	single-object-moderate	ledger-pass-at-320x320	ledger-pass-grayscale	none-use-contain	atlas-reference;original-practice-within-recorded-scope	decorative-brand-surface;cropped-or-filtered-use;implied-official-content	compatible-with-framing	none-recorded-in-release-review	constrain-to-reference	Ledger phone/print review: pass. Rights review: pass — original generated geometry; no prohibited source image supplied; no logo/trade dress or official-item reconstruction observed. Exact accepted derivatives only.	codex-only	none	0	false	true	content/authoring/visuals/releases/tools.json	5e763aa5e12df9f2f5e1a0e5c08b84a0e523326269bcded83d17d20a1d54759e	content/authoring/visuals/releases/tools.json#/39	content/authoring/visuals/releases/tools.json#/39/review	10e59d7706778c6e12b8d04d64897fb36a79b5b568819954d328fa95dda91f59	["content/authoring/visuals/releases/tools.json#/39/review/rightsSimilarity"]	42fb849824f78de14cdb966db12d802286beb4eb06bed3bfd7bda7cedd3d1fa4	publicationGate	content/authoring/visuals/releases/tools.json#/39/publicationGate	null	content/assets/derivatives/tools/t040-phone.png	61058	3975ebe92b6fa3cd83e1bec0657af20be149a76482dae2307cca3cd950d6f2ce	320	320	content/authoring/visuals/releases/tools.json#/39/derivatives/1	content/assets/derivatives/tools/t040-print.png	118539	d0dc807e3f5d92c73212562fe9e2729822a74a8ba990e3eda83aec023c0912f7	640	640	content/authoring/visuals/releases/tools.json#/39/derivatives/2	false		accepted-delivery-derivatives-byte-identical-only
tool	tool.pliers.needle-nose	t041	1	phone=content/assets/derivatives/tools/t041-phone.png;print=content/assets/derivatives/tools/t041-print.png	tonal-line	1:1	near-white-native	single-object-moderate	ledger-pass-at-320x320	ledger-pass-grayscale	none-use-contain	atlas-reference;original-practice-within-recorded-scope	decorative-brand-surface;cropped-or-filtered-use;implied-official-content	compatible-with-framing	none-recorded-in-release-review	constrain-to-reference	Ledger phone/print review: pass. Rights review: pass — original generated geometry; no prohibited source image supplied; no logo/trade dress or official-item reconstruction observed. Exact accepted derivatives only.	codex-only	none	0	false	true	content/authoring/visuals/releases/tools.json	5e763aa5e12df9f2f5e1a0e5c08b84a0e523326269bcded83d17d20a1d54759e	content/authoring/visuals/releases/tools.json#/40	content/authoring/visuals/releases/tools.json#/40/review	10e59d7706778c6e12b8d04d64897fb36a79b5b568819954d328fa95dda91f59	["content/authoring/visuals/releases/tools.json#/40/review/rightsSimilarity"]	f038c787ee2460d37bdc7d1410c36483d25d135dffec6962f3b11924ed06c4e2	publicationGate	content/authoring/visuals/releases/tools.json#/40/publicationGate	null	content/assets/derivatives/tools/t041-phone.png	54945	1f146fa9e19f1d1e06aa0dbd0f4f10baaca9962e8a2915554b4da1129a2ab903	320	320	content/authoring/visuals/releases/tools.json#/40/derivatives/1	content/assets/derivatives/tools/t041-print.png	110508	cb7101bef978f7f177376f86edc6458bb6b4152f31406954cc3f4481b453215e	640	640	content/authoring/visuals/releases/tools.json#/40/derivatives/2	false		accepted-delivery-derivatives-byte-identical-only
tool	tool.pliers.diagonal-cutting	t042	1	phone=content/assets/derivatives/tools/t042-phone.png;print=content/assets/derivatives/tools/t042-print.png	tonal-line	1:1	near-white-native	single-object-moderate	ledger-pass-at-320x320	ledger-pass-grayscale	none-use-contain	atlas-reference;original-practice-within-recorded-scope	decorative-brand-surface;cropped-or-filtered-use;implied-official-content	compatible-with-framing	none-recorded-in-release-review	constrain-to-reference	Ledger phone/print review: pass. Rights review: pass — original generated geometry; no prohibited source image supplied; no logo/trade dress or official-item reconstruction observed. Exact accepted derivatives only.	codex-only	none	0	false	true	content/authoring/visuals/releases/tools.json	5e763aa5e12df9f2f5e1a0e5c08b84a0e523326269bcded83d17d20a1d54759e	content/authoring/visuals/releases/tools.json#/41	content/authoring/visuals/releases/tools.json#/41/review	10e59d7706778c6e12b8d04d64897fb36a79b5b568819954d328fa95dda91f59	["content/authoring/visuals/releases/tools.json#/41/review/rightsSimilarity"]	fa42af074155b1a661f637e87cb40fde6425084c1c93a44c21d7441d85b7d647	publicationGate	content/authoring/visuals/releases/tools.json#/41/publicationGate	null	content/assets/derivatives/tools/t042-phone.png	72652	e11a453dbf68641c54c4ec2de959bbc5a891eafd4d1e2075cfdb0dde3f75bbd3	320	320	content/authoring/visuals/releases/tools.json#/41/derivatives/1	content/assets/derivatives/tools/t042-print.png	129806	e0023d25f87ea60eb69d914048f1fb8279b3060299ca849f2ccbe8e8db9131fd	640	640	content/authoring/visuals/releases/tools.json#/41/derivatives/2	false		accepted-delivery-derivatives-byte-identical-only
tool	tool.pliers.locking	t043	1	phone=content/assets/derivatives/tools/t043-phone.png;print=content/assets/derivatives/tools/t043-print.png	tonal-line	1:1	near-white-native	single-object-moderate	ledger-pass-at-320x320	ledger-pass-grayscale	none-use-contain	atlas-reference;original-practice-within-recorded-scope	decorative-brand-surface;cropped-or-filtered-use;implied-official-content	compatible-with-framing	none-recorded-in-release-review	constrain-to-reference	Ledger phone/print review: pass. Rights review: pass — original generated geometry; no prohibited source image supplied; no logo/trade dress or official-item reconstruction observed. Exact accepted derivatives only.	codex-only	none	0	false	true	content/authoring/visuals/releases/tools.json	5e763aa5e12df9f2f5e1a0e5c08b84a0e523326269bcded83d17d20a1d54759e	content/authoring/visuals/releases/tools.json#/42	content/authoring/visuals/releases/tools.json#/42/review	10e59d7706778c6e12b8d04d64897fb36a79b5b568819954d328fa95dda91f59	["content/authoring/visuals/releases/tools.json#/42/review/rightsSimilarity"]	9988777aaa6fa31a451e1cb136cc1150c1d75347d9a30eb2a5a6734f7dcdc39c	publicationGate	content/authoring/visuals/releases/tools.json#/42/publicationGate	null	content/assets/derivatives/tools/t043-phone.png	66791	5c70939746af5e95970d084d35a3d11a211dfd311cb89e09cb8015e4e10af835	320	320	content/authoring/visuals/releases/tools.json#/42/derivatives/1	content/assets/derivatives/tools/t043-print.png	120895	8f01649824aac9ccbd5d3f860fe0a6dede987b593cb14f9d93c77b4fea51f7eb	640	640	content/authoring/visuals/releases/tools.json#/42/derivatives/2	false		accepted-delivery-derivatives-byte-identical-only
tool	tool.clamp.c	t044	1	phone=content/assets/derivatives/tools/t044-phone.png;print=content/assets/derivatives/tools/t044-print.png	tonal-line	1:1	near-white-native	single-object-moderate	ledger-pass-at-320x320	ledger-pass-grayscale	none-use-contain	atlas-reference;original-practice-within-recorded-scope	decorative-brand-surface;cropped-or-filtered-use;implied-official-content	compatible-with-framing	none-recorded-in-release-review	constrain-to-reference	Ledger phone/print review: pass. Rights review: pass — original generated geometry; no prohibited source image supplied; no logo/trade dress or official-item reconstruction observed. Exact accepted derivatives only.	codex-only	none	0	false	true	content/authoring/visuals/releases/tools.json	5e763aa5e12df9f2f5e1a0e5c08b84a0e523326269bcded83d17d20a1d54759e	content/authoring/visuals/releases/tools.json#/43	content/authoring/visuals/releases/tools.json#/43/review	10e59d7706778c6e12b8d04d64897fb36a79b5b568819954d328fa95dda91f59	["content/authoring/visuals/releases/tools.json#/43/review/rightsSimilarity"]	429f5d2e4d4abbea34c49591249eec78dd25fd0268d732c1857d2e839e610105	publicationGate	content/authoring/visuals/releases/tools.json#/43/publicationGate	null	content/assets/derivatives/tools/t044-phone.png	77072	a2037e2d70866ecef23444a557775037578ffd8ca28e8edcb91799f779169ab6	320	320	content/authoring/visuals/releases/tools.json#/43/derivatives/1	content/assets/derivatives/tools/t044-print.png	140453	c8206a1f41a1b489baf2260f493bf07979a0d03cd7ba53bd0b68414f8e7f35e3	640	640	content/authoring/visuals/releases/tools.json#/43/derivatives/2	false		accepted-delivery-derivatives-byte-identical-only
tool	tool.clamp.bar	t045	1	phone=content/assets/derivatives/tools/t045-phone.png;print=content/assets/derivatives/tools/t045-print.png	tonal-line	1:1	near-white-native	single-object-moderate	ledger-pass-at-320x320	ledger-pass-grayscale	none-use-contain	atlas-reference;original-practice-within-recorded-scope	decorative-brand-surface;cropped-or-filtered-use;implied-official-content	compatible-with-framing	none-recorded-in-release-review	constrain-to-reference	Ledger phone/print review: pass. Rights review: pass — original generated geometry; no prohibited source image supplied; no logo/trade dress or official-item reconstruction observed. Exact accepted derivatives only.	codex-only	none	0	false	true	content/authoring/visuals/releases/tools.json	5e763aa5e12df9f2f5e1a0e5c08b84a0e523326269bcded83d17d20a1d54759e	content/authoring/visuals/releases/tools.json#/44	content/authoring/visuals/releases/tools.json#/44/review	10e59d7706778c6e12b8d04d64897fb36a79b5b568819954d328fa95dda91f59	["content/authoring/visuals/releases/tools.json#/44/review/rightsSimilarity"]	24973022e3f0c41895c24089a2703401941cba00832409c3f305c91b9a6d5c55	publicationGate	content/authoring/visuals/releases/tools.json#/44/publicationGate	null	content/assets/derivatives/tools/t045-phone.png	58452	d9b9edd4a9968046f90f6eb85cb082e427677408bc1e613155e348ce36b229d1	320	320	content/authoring/visuals/releases/tools.json#/44/derivatives/1	content/assets/derivatives/tools/t045-print.png	110621	694d311346b5c848ffb760a9d476195f91e0bfe72b437dcfe0e1b39e4abde019	640	640	content/authoring/visuals/releases/tools.json#/44/derivatives/2	false		accepted-delivery-derivatives-byte-identical-only
tool	tool.hand-plane	t046	1	phone=content/assets/derivatives/tools/t046-phone.png;print=content/assets/derivatives/tools/t046-print.png	tonal-line	1:1	near-white-native	single-object-moderate	ledger-pass-at-320x320	ledger-pass-grayscale	none-use-contain	atlas-reference;original-practice-within-recorded-scope	decorative-brand-surface;cropped-or-filtered-use;implied-official-content	compatible-with-framing	none-recorded-in-release-review	constrain-to-reference	Ledger phone/print review: pass. Rights review: pass — original generated geometry; no prohibited source image supplied; no logo/trade dress or official-item reconstruction observed. Exact accepted derivatives only.	codex-only	none	0	false	true	content/authoring/visuals/releases/tools.json	5e763aa5e12df9f2f5e1a0e5c08b84a0e523326269bcded83d17d20a1d54759e	content/authoring/visuals/releases/tools.json#/45	content/authoring/visuals/releases/tools.json#/45/review	10e59d7706778c6e12b8d04d64897fb36a79b5b568819954d328fa95dda91f59	["content/authoring/visuals/releases/tools.json#/45/review/rightsSimilarity"]	0ac06387003b1bf925ca3136792c3aa364180700ad18df730332bfeadc55dd12	publicationGate	content/authoring/visuals/releases/tools.json#/45/publicationGate	null	content/assets/derivatives/tools/t046-phone.png	80798	78d8da28706923d8d3e24f4f34b1bbeb8b62dcdd22f520174f54dbab61ea884f	320	320	content/authoring/visuals/releases/tools.json#/45/derivatives/1	content/assets/derivatives/tools/t046-print.png	147409	0f3fc8c01bf109a9b6f3ca8b70d7b4f79baf38d20703039670f6fbffd1199c23	640	640	content/authoring/visuals/releases/tools.json#/45/derivatives/2	false		accepted-delivery-derivatives-byte-identical-only
tool	tool.saw.crosscut	t047	1	phone=content/assets/derivatives/tools/t047-phone.png;print=content/assets/derivatives/tools/t047-print.png	tonal-line	1:1	near-white-native	single-object-moderate	ledger-pass-at-320x320	ledger-pass-grayscale	none-use-contain	atlas-reference;unscored-identification-only	decorative-brand-surface;cropped-or-filtered-use;implied-official-content;scored-comparison-until-specialist-signoff	assessment-only	none-recorded-in-release-review	future-separate-review	Ledger phone/print review: pass. Rights review: pass — original generated geometry; no prohibited source image supplied; no logo/trade dress or official-item reconstruction observed. Gate: Crosscut/rip scored comparison remains gated on specialist tooth-geometry review at native and 320 px sizes.	codex-only	none	0	false	true	content/authoring/visuals/releases/tools.json	5e763aa5e12df9f2f5e1a0e5c08b84a0e523326269bcded83d17d20a1d54759e	content/authoring/visuals/releases/tools.json#/46	content/authoring/visuals/releases/tools.json#/46/review	10e59d7706778c6e12b8d04d64897fb36a79b5b568819954d328fa95dda91f59	["content/authoring/visuals/releases/tools.json#/46/review/rightsSimilarity"]	d5670161d23db3cfba07e3ef95d72d5d18a3300d96e6b92b992febb6142b615c	publicationGate	content/authoring/visuals/releases/tools.json#/46/publicationGate	"Crosscut/rip scored comparison remains gated on specialist tooth-geometry review at native and 320 px sizes."	content/assets/derivatives/tools/t047-phone.png	63783	3a32b57b18dd4cdb32649d057ff50828970c33ec0bf920bb3653f046554e22ce	320	320	content/authoring/visuals/releases/tools.json#/46/derivatives/1	content/assets/derivatives/tools/t047-print.png	117246	0b93225b7be7c9bd1a87d8de2522ee2475e620618871e408c1558d3d578c74b6	640	640	content/authoring/visuals/releases/tools.json#/46/derivatives/2	false		accepted-delivery-derivatives-byte-identical-only
tool	tool.saw.rip	t048	1	phone=content/assets/derivatives/tools/t048-phone.png;print=content/assets/derivatives/tools/t048-print.png	tonal-line	1:1	near-white-native	single-object-moderate	ledger-pass-at-320x320	ledger-pass-grayscale	none-use-contain	atlas-reference;unscored-identification-only	decorative-brand-surface;cropped-or-filtered-use;implied-official-content;scored-comparison-until-specialist-signoff	assessment-only	none-recorded-in-release-review	future-separate-review	Ledger phone/print review: pass. Rights review: pass — original generated geometry; no prohibited source image supplied; no logo/trade dress or official-item reconstruction observed. Gate: Crosscut/rip scored comparison remains gated on specialist tooth-geometry review at native and 320 px sizes.	codex-only	none	0	false	true	content/authoring/visuals/releases/tools.json	5e763aa5e12df9f2f5e1a0e5c08b84a0e523326269bcded83d17d20a1d54759e	content/authoring/visuals/releases/tools.json#/47	content/authoring/visuals/releases/tools.json#/47/review	10e59d7706778c6e12b8d04d64897fb36a79b5b568819954d328fa95dda91f59	["content/authoring/visuals/releases/tools.json#/47/review/rightsSimilarity"]	21798306a1d53d2338ba11b69c130f73849f32bde54840fa7becc2ba80b8a7fe	publicationGate	content/authoring/visuals/releases/tools.json#/47/publicationGate	"Crosscut/rip scored comparison remains gated on specialist tooth-geometry review at native and 320 px sizes."	content/assets/derivatives/tools/t048-phone.png	59116	2ffdc65a257626e4064b619d061b4befd7a2fddcb91bd6ed4543826ab0a30967	320	320	content/authoring/visuals/releases/tools.json#/47/derivatives/1	content/assets/derivatives/tools/t048-print.png	107966	a781fa67313e95f410692e76a9c26dae03ab917720ab09aff62e45c9807a9bce	640	640	content/authoring/visuals/releases/tools.json#/47/derivatives/2	false		accepted-delivery-derivatives-byte-identical-only
tool	tool.saw.hacksaw	t049	1	phone=content/assets/derivatives/tools/t049-phone.png;print=content/assets/derivatives/tools/t049-print.png	tonal-line	1:1	near-white-native	single-object-moderate	ledger-pass-at-320x320	ledger-pass-grayscale	none-use-contain	atlas-reference;original-practice-within-recorded-scope	decorative-brand-surface;cropped-or-filtered-use;implied-official-content	compatible-with-framing	none-recorded-in-release-review	constrain-to-reference	Ledger phone/print review: pass. Rights review: pass — original generated geometry; no prohibited source image supplied; no logo/trade dress or official-item reconstruction observed. Exact accepted derivatives only.	codex-only	none	0	false	true	content/authoring/visuals/releases/tools.json	5e763aa5e12df9f2f5e1a0e5c08b84a0e523326269bcded83d17d20a1d54759e	content/authoring/visuals/releases/tools.json#/48	content/authoring/visuals/releases/tools.json#/48/review	10e59d7706778c6e12b8d04d64897fb36a79b5b568819954d328fa95dda91f59	["content/authoring/visuals/releases/tools.json#/48/review/rightsSimilarity"]	45179b0d191f93c6cc7c433b832c4e2ce62dfae1e0e201a988a9e45389ca63f8	publicationGate	content/authoring/visuals/releases/tools.json#/48/publicationGate	null	content/assets/derivatives/tools/t049-phone.png	60049	5ed09acff9026dfc956101698b7062b92fdc5921a9712314272e1ee431ab410b	320	320	content/authoring/visuals/releases/tools.json#/48/derivatives/1	content/assets/derivatives/tools/t049-print.png	115284	87b03d6e53c97cd380e1ec80a69c5e3c23d33e977fe3025bb9dd306303f031b4	640	640	content/authoring/visuals/releases/tools.json#/48/derivatives/2	false		accepted-delivery-derivatives-byte-identical-only
tool	tool.utility-knife	t050	1	phone=content/assets/derivatives/tools/t050-phone.png;print=content/assets/derivatives/tools/t050-print.png	tonal-line	1:1	near-white-native	single-object-moderate	ledger-pass-at-320x320	ledger-pass-grayscale	none-use-contain	atlas-reference;original-practice-within-recorded-scope	decorative-brand-surface;cropped-or-filtered-use;implied-official-content	compatible-with-framing	none-recorded-in-release-review	constrain-to-reference	Ledger phone/print review: pass. Rights review: pass — original generated geometry; no prohibited source image supplied; no logo/trade dress or official-item reconstruction observed. Exact accepted derivatives only.	codex-only	none	0	false	true	content/authoring/visuals/releases/tools.json	5e763aa5e12df9f2f5e1a0e5c08b84a0e523326269bcded83d17d20a1d54759e	content/authoring/visuals/releases/tools.json#/49	content/authoring/visuals/releases/tools.json#/49/review	10e59d7706778c6e12b8d04d64897fb36a79b5b568819954d328fa95dda91f59	["content/authoring/visuals/releases/tools.json#/49/review/rightsSimilarity"]	70b1a8e3f754f4ad78d99dae74782f0c9f3e2cf4ded4dcaa0e2e9a66befab031	publicationGate	content/authoring/visuals/releases/tools.json#/49/publicationGate	null	content/assets/derivatives/tools/t050-phone.png	64176	614dc33a325c04c4b2505be04fd2bd84db2f75a08ea17cf87f79cf908442bbf3	320	320	content/authoring/visuals/releases/tools.json#/49/derivatives/1	content/assets/derivatives/tools/t050-print.png	121257	93818ff5d3688dfaa876aafa34e9c3b03102b3b702e0de6f68687849e95240f7	640	640	content/authoring/visuals/releases/tools.json#/49/derivatives/2	false		accepted-delivery-derivatives-byte-identical-only
tool	tool.putty-knife	t051	1	phone=content/assets/derivatives/tools/t051-phone.png;print=content/assets/derivatives/tools/t051-print.png	tonal-line	1:1	near-white-native	single-object-moderate	ledger-pass-at-320x320	ledger-pass-grayscale	none-use-contain	atlas-reference;original-practice-within-recorded-scope	decorative-brand-surface;cropped-or-filtered-use;implied-official-content	compatible-with-framing	none-recorded-in-release-review	constrain-to-reference	Ledger phone/print review: pass. Rights review: pass — original generated geometry; no prohibited source image supplied; no logo/trade dress or official-item reconstruction observed. Exact accepted derivatives only.	codex-only	none	0	false	true	content/authoring/visuals/releases/tools.json	5e763aa5e12df9f2f5e1a0e5c08b84a0e523326269bcded83d17d20a1d54759e	content/authoring/visuals/releases/tools.json#/50	content/authoring/visuals/releases/tools.json#/50/review	10e59d7706778c6e12b8d04d64897fb36a79b5b568819954d328fa95dda91f59	["content/authoring/visuals/releases/tools.json#/50/review/rightsSimilarity"]	15a7e6819c8e000fc904ba8cc01ec9086335e23e62fc1065008ce60c04cac9f2	publicationGate	content/authoring/visuals/releases/tools.json#/50/publicationGate	null	content/assets/derivatives/tools/t051-phone.png	48487	993facb5d6d995b0bae8e0220c65a41d0937e2617d0d3671be8b5f57d16cb8a3	320	320	content/authoring/visuals/releases/tools.json#/50/derivatives/1	content/assets/derivatives/tools/t051-print.png	110787	4d840a363ddb556593b902f1e1d6ed001d93a9d74ac79cfac815cbf5be34622a	640	640	content/authoring/visuals/releases/tools.json#/50/derivatives/2	false		accepted-delivery-derivatives-byte-identical-only
tool	tool.paint-scraper	t052	1	phone=content/assets/derivatives/tools/t052-phone.png;print=content/assets/derivatives/tools/t052-print.png	tonal-line	1:1	near-white-native	single-object-moderate	ledger-pass-at-320x320	ledger-pass-grayscale	none-use-contain	atlas-reference;original-practice-within-recorded-scope	decorative-brand-surface;cropped-or-filtered-use;implied-official-content	compatible-with-framing	none-recorded-in-release-review	constrain-to-reference	Ledger phone/print review: pass. Rights review: pass — original generated geometry; no prohibited source image supplied; no logo/trade dress or official-item reconstruction observed. Exact accepted derivatives only.	codex-only	none	0	false	true	content/authoring/visuals/releases/tools.json	5e763aa5e12df9f2f5e1a0e5c08b84a0e523326269bcded83d17d20a1d54759e	content/authoring/visuals/releases/tools.json#/51	content/authoring/visuals/releases/tools.json#/51/review	10e59d7706778c6e12b8d04d64897fb36a79b5b568819954d328fa95dda91f59	["content/authoring/visuals/releases/tools.json#/51/review/rightsSimilarity"]	d258c3860c9ff5f1403dbbddccebbb78df053dc3e01d10fc54a33a547df86388	publicationGate	content/authoring/visuals/releases/tools.json#/51/publicationGate	null	content/assets/derivatives/tools/t052-phone.png	67026	3c720218121095af0bfc603bd19a6e06d5c02aef330ce6781a52bb57b7c29c19	320	320	content/authoring/visuals/releases/tools.json#/51/derivatives/1	content/assets/derivatives/tools/t052-print.png	125187	d91ee7c48221605874cdb93d378d816f702352151b0ced72b93f3f046cdae7b4	640	640	content/authoring/visuals/releases/tools.json#/51/derivatives/2	false		accepted-delivery-derivatives-byte-identical-only
tool	tool.tape-measure	t053	1	phone=content/assets/derivatives/tools/t053-phone.png;print=content/assets/derivatives/tools/t053-print.png	tonal-line	1:1	near-white-native	single-object-moderate	ledger-pass-at-320x320	ledger-pass-grayscale	none-use-contain	atlas-reference;original-practice-within-recorded-scope	decorative-brand-surface;cropped-or-filtered-use;implied-official-content	compatible-with-framing	none-recorded-in-release-review	constrain-to-reference	Ledger phone/print review: pass. Rights review: pass — original generated geometry; no prohibited source image supplied; no logo/trade dress or official-item reconstruction observed. Exact accepted derivatives only.	codex-only	none	0	false	true	content/authoring/visuals/releases/tools.json	5e763aa5e12df9f2f5e1a0e5c08b84a0e523326269bcded83d17d20a1d54759e	content/authoring/visuals/releases/tools.json#/52	content/authoring/visuals/releases/tools.json#/52/review	10e59d7706778c6e12b8d04d64897fb36a79b5b568819954d328fa95dda91f59	["content/authoring/visuals/releases/tools.json#/52/review/rightsSimilarity"]	709d7ba128ea1e87c9591fe0e1a6ddaefcd182898de8b0b6d391be1d63c126a0	publicationGate	content/authoring/visuals/releases/tools.json#/52/publicationGate	null	content/assets/derivatives/tools/t053-phone.png	77051	3e7da7653b31eae6a7f94ad2227a9c49f7cb46cfe14d1119abd4c78a28e18197	320	320	content/authoring/visuals/releases/tools.json#/52/derivatives/1	content/assets/derivatives/tools/t053-print.png	136139	7921c7261ba5c2a6113a9e8bc50e8bbd46949cae2263f5f649659924f409ca22	640	640	content/authoring/visuals/releases/tools.json#/52/derivatives/2	false		accepted-delivery-derivatives-byte-identical-only
tool	tool.level	t054	1	phone=content/assets/derivatives/tools/t054-phone.png;print=content/assets/derivatives/tools/t054-print.png	tonal-line	1:1	near-white-native	single-object-moderate	ledger-pass-at-320x320	ledger-pass-grayscale	none-use-contain	atlas-reference;original-practice-within-recorded-scope	decorative-brand-surface;cropped-or-filtered-use;implied-official-content	compatible-with-framing	none-recorded-in-release-review	constrain-to-reference	Ledger phone/print review: pass. Rights review: pass — original generated geometry; no prohibited source image supplied; no logo/trade dress or official-item reconstruction observed. Exact accepted derivatives only.	codex-only	none	0	false	true	content/authoring/visuals/releases/tools.json	5e763aa5e12df9f2f5e1a0e5c08b84a0e523326269bcded83d17d20a1d54759e	content/authoring/visuals/releases/tools.json#/53	content/authoring/visuals/releases/tools.json#/53/review	10e59d7706778c6e12b8d04d64897fb36a79b5b568819954d328fa95dda91f59	["content/authoring/visuals/releases/tools.json#/53/review/rightsSimilarity"]	79f16b2c42f280640dca97c2368424e2f4394c7febc1072681e45192a19284d5	publicationGate	content/authoring/visuals/releases/tools.json#/53/publicationGate	null	content/assets/derivatives/tools/t054-phone.png	62798	6465f91d147fdf09cb1d50e26ebd556bae4dc42d6e5464359d16e75016b0fd17	320	320	content/authoring/visuals/releases/tools.json#/53/derivatives/1	content/assets/derivatives/tools/t054-print.png	115213	b7b45e537869e98a6b77a1132ed734b2e73b67ad86605e8a3822438684e42ffd	640	640	content/authoring/visuals/releases/tools.json#/53/derivatives/2	false		accepted-delivery-derivatives-byte-identical-only
tool	tool.square	t055	1	phone=content/assets/derivatives/tools/t055-phone.png;print=content/assets/derivatives/tools/t055-print.png	tonal-line	1:1	near-white-native	single-object-moderate	ledger-pass-at-320x320	ledger-pass-grayscale	none-use-contain	atlas-reference;original-practice-within-recorded-scope	decorative-brand-surface;cropped-or-filtered-use;implied-official-content	compatible-with-framing	none-recorded-in-release-review	constrain-to-reference	Ledger phone/print review: pass. Rights review: pass — original generated geometry; no prohibited source image supplied; no logo/trade dress or official-item reconstruction observed. Exact accepted derivatives only.	codex-only	none	0	false	true	content/authoring/visuals/releases/tools.json	5e763aa5e12df9f2f5e1a0e5c08b84a0e523326269bcded83d17d20a1d54759e	content/authoring/visuals/releases/tools.json#/54	content/authoring/visuals/releases/tools.json#/54/review	10e59d7706778c6e12b8d04d64897fb36a79b5b568819954d328fa95dda91f59	["content/authoring/visuals/releases/tools.json#/54/review/rightsSimilarity"]	f816ec8960dcb5ca07a86febbc6803fbc287a1ec03db51e2e5036899fa5fd486	publicationGate	content/authoring/visuals/releases/tools.json#/54/publicationGate	null	content/assets/derivatives/tools/t055-phone.png	59712	c48bc947e5b1803f6b62738e01f3440218a689d4811d9334ba17bb04d2c44571	320	320	content/authoring/visuals/releases/tools.json#/54/derivatives/1	content/assets/derivatives/tools/t055-print.png	115631	8816b6e8eb5bbf650437a0bb7d5d83d83b17ecb1b5670ed1843d723872502a38	640	640	content/authoring/visuals/releases/tools.json#/54/derivatives/2	false		accepted-delivery-derivatives-byte-identical-only
tool	tool.plunger.cup	t056	1	phone=content/assets/derivatives/tools/t056-phone.png;print=content/assets/derivatives/tools/t056-print.png	tonal-line	1:1	near-white-native	single-object-moderate	ledger-pass-at-320x320	ledger-pass-grayscale	none-use-contain	atlas-reference;original-practice-within-recorded-scope	decorative-brand-surface;cropped-or-filtered-use;implied-official-content	compatible-with-framing	none-recorded-in-release-review	constrain-to-reference	Ledger phone/print review: pass. Rights review: pass — original generated geometry; no prohibited source image supplied; no logo/trade dress or official-item reconstruction observed. Exact accepted derivatives only.	codex-only	none	0	false	true	content/authoring/visuals/releases/tools.json	5e763aa5e12df9f2f5e1a0e5c08b84a0e523326269bcded83d17d20a1d54759e	content/authoring/visuals/releases/tools.json#/55	content/authoring/visuals/releases/tools.json#/55/review	10e59d7706778c6e12b8d04d64897fb36a79b5b568819954d328fa95dda91f59	["content/authoring/visuals/releases/tools.json#/55/review/rightsSimilarity"]	ac59d8142806b1c33c6dc4e6b74c0c560703deb3014ab3d436b08bb1cd9864c0	publicationGate	content/authoring/visuals/releases/tools.json#/55/publicationGate	null	content/assets/derivatives/tools/t056-phone.png	74575	d6660155cb6e7440850a164c9be8a73e16d196ec2e54bfea069f9d0fb6dfddc3	320	320	content/authoring/visuals/releases/tools.json#/55/derivatives/1	content/assets/derivatives/tools/t056-print.png	134290	ab5df47d3cfaac4c7909a8923be9f1c0c4d19d2a781de36a28cc0247074b408b	640	640	content/authoring/visuals/releases/tools.json#/55/derivatives/2	false		accepted-delivery-derivatives-byte-identical-only
tool	tool.plunger.flange	t057	1	phone=content/assets/derivatives/tools/t057-phone.png;print=content/assets/derivatives/tools/t057-print.png	tonal-line	1:1	near-white-native	single-object-moderate	ledger-pass-at-320x320	ledger-pass-grayscale	none-use-contain	atlas-reference;original-practice-within-recorded-scope	decorative-brand-surface;cropped-or-filtered-use;implied-official-content	compatible-with-framing	none-recorded-in-release-review	constrain-to-reference	Ledger phone/print review: pass. Rights review: pass — original generated geometry; no prohibited source image supplied; no logo/trade dress or official-item reconstruction observed. Exact accepted derivatives only.	codex-only	none	0	false	true	content/authoring/visuals/releases/tools.json	5e763aa5e12df9f2f5e1a0e5c08b84a0e523326269bcded83d17d20a1d54759e	content/authoring/visuals/releases/tools.json#/56	content/authoring/visuals/releases/tools.json#/56/review	10e59d7706778c6e12b8d04d64897fb36a79b5b568819954d328fa95dda91f59	["content/authoring/visuals/releases/tools.json#/56/review/rightsSimilarity"]	306b5ace4ff9eda73d62e03b98bdafe4f9f965726ae35e68309a1a7344bb7743	publicationGate	content/authoring/visuals/releases/tools.json#/56/publicationGate	null	content/assets/derivatives/tools/t057-phone.png	69592	9e0f155b3c048692d616b2e34c3a9284eefc0f5ba20168b6fe3096e1655dba7d	320	320	content/authoring/visuals/releases/tools.json#/56/derivatives/1	content/assets/derivatives/tools/t057-print.png	126595	4a50b4e5c0d95927b18cebef07ac85ac7ead0679635c442a41beae9c4d224d64	640	640	content/authoring/visuals/releases/tools.json#/56/derivatives/2	false		accepted-delivery-derivatives-byte-identical-only
tool	tool.drain-snake	t058	1	phone=content/assets/derivatives/tools/t058-phone.png;print=content/assets/derivatives/tools/t058-print.png	tonal-line	1:1	near-white-native	single-object-moderate	ledger-pass-at-320x320	ledger-pass-grayscale	none-use-contain	atlas-reference;original-practice-within-recorded-scope	decorative-brand-surface;cropped-or-filtered-use;implied-official-content	compatible-with-framing	none-recorded-in-release-review	constrain-to-reference	Ledger phone/print review: pass. Rights review: pass — original generated geometry; no prohibited source image supplied; no logo/trade dress or official-item reconstruction observed. Exact accepted derivatives only.	codex-only	none	0	false	true	content/authoring/visuals/releases/tools.json	5e763aa5e12df9f2f5e1a0e5c08b84a0e523326269bcded83d17d20a1d54759e	content/authoring/visuals/releases/tools.json#/57	content/authoring/visuals/releases/tools.json#/57/review	10e59d7706778c6e12b8d04d64897fb36a79b5b568819954d328fa95dda91f59	["content/authoring/visuals/releases/tools.json#/57/review/rightsSimilarity"]	386e7ccdba3963d8e932ee8051f928910cab657c1728ed264146ab9f65d2aa2f	publicationGate	content/authoring/visuals/releases/tools.json#/57/publicationGate	null	content/assets/derivatives/tools/t058-phone.png	67748	1469ecff33792abd3724a8509556fca445befc45585f8200f96f7ce1974a2277	320	320	content/authoring/visuals/releases/tools.json#/57/derivatives/1	content/assets/derivatives/tools/t058-print.png	122322	851d037da3c5892b70cc224f751e9eba2757b52245955cdb5a530d8d52b91a48	640	640	content/authoring/visuals/releases/tools.json#/57/derivatives/2	false		accepted-delivery-derivatives-byte-identical-only
tool	tool.pipe-reamer	t059	1	phone=content/assets/derivatives/tools/t059-phone.png;print=content/assets/derivatives/tools/t059-print.png	tonal-line	1:1	near-white-native	single-object-moderate	ledger-pass-at-320x320	ledger-pass-grayscale	none-use-contain	atlas-reference;original-practice-within-recorded-scope	decorative-brand-surface;cropped-or-filtered-use;implied-official-content	compatible-with-framing	none-recorded-in-release-review	constrain-to-reference	Ledger phone/print review: pass. Rights review: pass — original generated geometry; no prohibited source image supplied; no logo/trade dress or official-item reconstruction observed. Exact accepted derivatives only.	codex-only	none	0	false	true	content/authoring/visuals/releases/tools.json	5e763aa5e12df9f2f5e1a0e5c08b84a0e523326269bcded83d17d20a1d54759e	content/authoring/visuals/releases/tools.json#/58	content/authoring/visuals/releases/tools.json#/58/review	10e59d7706778c6e12b8d04d64897fb36a79b5b568819954d328fa95dda91f59	["content/authoring/visuals/releases/tools.json#/58/review/rightsSimilarity"]	8e14072788f85e60dd617308e9acde52b52a6c3749c5f5a466b9462d3f1f8c60	publicationGate	content/authoring/visuals/releases/tools.json#/58/publicationGate	null	content/assets/derivatives/tools/t059-phone.png	72617	8e64ed5b907de0817c42d25eedd4c6b02a9efdd23eed81205f96072b8cb8668b	320	320	content/authoring/visuals/releases/tools.json#/58/derivatives/1	content/assets/derivatives/tools/t059-print.png	128331	74b28eae65cb902a1a13b8e056200ea4e6841cb7be629e5ca02dc245383e2063	640	640	content/authoring/visuals/releases/tools.json#/58/derivatives/2	false		accepted-delivery-derivatives-byte-identical-only
tool	tool.soldering-gun	t060	1	phone=content/assets/derivatives/tools/t060-phone.png;print=content/assets/derivatives/tools/t060-print.png	tonal-line	1:1	near-white-native	single-object-moderate	ledger-pass-at-320x320	ledger-pass-grayscale	none-use-contain	atlas-reference;identification-contrast-only	decorative-brand-surface;cropped-or-filtered-use;implied-official-content;skilled-work-scope-claim;operation-teaching	assessment-only	none-recorded-in-release-review	future-separate-review	Ledger phone/print review: pass. Rights review: pass — original generated geometry; no prohibited source image supplied; no logo/trade dress or official-item reconstruction observed. Gate: Identification contrast only; the image does not establish skilled electrical work as entry-level operational scope.	codex-only	none	0	false	true	content/authoring/visuals/releases/tools.json	5e763aa5e12df9f2f5e1a0e5c08b84a0e523326269bcded83d17d20a1d54759e	content/authoring/visuals/releases/tools.json#/59	content/authoring/visuals/releases/tools.json#/59/review	10e59d7706778c6e12b8d04d64897fb36a79b5b568819954d328fa95dda91f59	["content/authoring/visuals/releases/tools.json#/59/review/rightsSimilarity"]	35b40e9eebc67a90f45300433e0928ebee7ed06146adb64ba4a46c2cd6bf90a3	publicationGate	content/authoring/visuals/releases/tools.json#/59/publicationGate	"Identification contrast only; the image does not establish skilled electrical work as entry-level operational scope."	content/assets/derivatives/tools/t060-phone.png	85458	155a196749b1ca88760d1a5b5a402903917fe5d5be83563813d66dfc75a2b762	320	320	content/authoring/visuals/releases/tools.json#/59/derivatives/1	content/assets/derivatives/tools/t060-print.png	147812	5943797f0a8345f476ab2e5542869aae9077cb71f0336e17b049133baf4d4c76	640	640	content/authoring/visuals/releases/tools.json#/59/derivatives/2	false		accepted-delivery-derivatives-byte-identical-only
tool	access.stepladder	t061	1	phone=content/assets/derivatives/tools/t061-phone.png;print=content/assets/derivatives/tools/t061-print.png	tonal-line	1:1	near-white-native	single-object-moderate	ledger-pass-at-320x320	ledger-pass-grayscale	none-use-contain	atlas-reference;original-practice-within-recorded-scope	decorative-brand-surface;cropped-or-filtered-use;implied-official-content	compatible-with-framing	none-recorded-in-release-review	constrain-to-reference	Ledger phone/print review: pass. Rights review: pass — original generated geometry; no prohibited source image supplied; no logo/trade dress or official-item reconstruction observed. Exact accepted derivatives only.	codex-only	none	0	false	true	content/authoring/visuals/releases/tools.json	5e763aa5e12df9f2f5e1a0e5c08b84a0e523326269bcded83d17d20a1d54759e	content/authoring/visuals/releases/tools.json#/60	content/authoring/visuals/releases/tools.json#/60/review	10e59d7706778c6e12b8d04d64897fb36a79b5b568819954d328fa95dda91f59	["content/authoring/visuals/releases/tools.json#/60/review/rightsSimilarity"]	6ae69b6f91490added87f00e24a1fd6811a43ca99fca1702da57a719a6bf8c22	publicationGate	content/authoring/visuals/releases/tools.json#/60/publicationGate	null	content/assets/derivatives/tools/t061-phone.png	74860	a90921239673b9511270b3d0e9df740ce414cd21477169e91f2fc4c79788c50b	320	320	content/authoring/visuals/releases/tools.json#/60/derivatives/1	content/assets/derivatives/tools/t061-print.png	136268	7e669602052ebd5427a90d55160f2f691586e450d83ee6be9309ad1a7a7324e1	640	640	content/authoring/visuals/releases/tools.json#/60/derivatives/2	false		accepted-delivery-derivatives-byte-identical-only
tool	access.extension-ladder	t062	1	phone=content/assets/derivatives/tools/t062-phone.png;print=content/assets/derivatives/tools/t062-print.png	tonal-line	1:1	near-white-native	single-object-moderate	ledger-pass-at-320x320	ledger-pass-grayscale	none-use-contain	atlas-reference;original-practice-within-recorded-scope	decorative-brand-surface;cropped-or-filtered-use;implied-official-content	compatible-with-framing	none-recorded-in-release-review	constrain-to-reference	Ledger phone/print review: pass. Rights review: pass — original generated geometry; no prohibited source image supplied; no logo/trade dress or official-item reconstruction observed. Exact accepted derivatives only.	codex-only	none	0	false	true	content/authoring/visuals/releases/tools.json	5e763aa5e12df9f2f5e1a0e5c08b84a0e523326269bcded83d17d20a1d54759e	content/authoring/visuals/releases/tools.json#/61	content/authoring/visuals/releases/tools.json#/61/review	10e59d7706778c6e12b8d04d64897fb36a79b5b568819954d328fa95dda91f59	["content/authoring/visuals/releases/tools.json#/61/review/rightsSimilarity"]	0670aa89383bacb5552a6ad4337ce5e50fdcd231e214a52a1fad4a642ecd58a8	publicationGate	content/authoring/visuals/releases/tools.json#/61/publicationGate	null	content/assets/derivatives/tools/t062-phone.png	58067	ba837159528254024b0486b9206864e046dab8b994d6f66894f0f011e5a27618	320	320	content/authoring/visuals/releases/tools.json#/61/derivatives/1	content/assets/derivatives/tools/t062-print.png	110299	ad135dd3699244abb2c26e9fc42a5bfecf53e136c5961484d403a6248e19297b	640	640	content/authoring/visuals/releases/tools.json#/61/derivatives/2	false		accepted-delivery-derivatives-byte-identical-only
tool	ppe.safety-glasses	t063	1	phone=content/assets/derivatives/tools/t063-phone.png;print=content/assets/derivatives/tools/t063-print.png	tonal-line	1:1	near-white-native	single-object-moderate	ledger-pass-at-320x320	ledger-pass-grayscale	none-use-contain	atlas-reference;original-practice-within-recorded-scope	decorative-brand-surface;cropped-or-filtered-use;implied-official-content	compatible-with-framing	none-recorded-in-release-review	constrain-to-reference	Ledger phone/print review: pass. Rights review: pass — original generated geometry; no prohibited source image supplied; no logo/trade dress or official-item reconstruction observed. Exact accepted derivatives only.	codex-only	none	0	false	true	content/authoring/visuals/releases/tools.json	5e763aa5e12df9f2f5e1a0e5c08b84a0e523326269bcded83d17d20a1d54759e	content/authoring/visuals/releases/tools.json#/62	content/authoring/visuals/releases/tools.json#/62/review	10e59d7706778c6e12b8d04d64897fb36a79b5b568819954d328fa95dda91f59	["content/authoring/visuals/releases/tools.json#/62/review/rightsSimilarity"]	8bf93095598330a8099f66269ba187c9e7a8c15258fa80fc7caa5aefd716ce7b	publicationGate	content/authoring/visuals/releases/tools.json#/62/publicationGate	null	content/assets/derivatives/tools/t063-phone.png	63809	dd0178635bf9041b27d13af59b9a17ce85ecb1e47a5d0c7c47ef18d7909cbdd8	320	320	content/authoring/visuals/releases/tools.json#/62/derivatives/1	content/assets/derivatives/tools/t063-print.png	117409	3d2fff5f9041606cefd410240289c917f1948e99502db87ce84ab46131011a5d	640	640	content/authoring/visuals/releases/tools.json#/62/derivatives/2	false		accepted-delivery-derivatives-byte-identical-only
tool	ppe.ear-plugs	t064	1	phone=content/assets/derivatives/tools/t064-phone.png;print=content/assets/derivatives/tools/t064-print.png	tonal-line	1:1	near-white-native	single-object-moderate	ledger-pass-at-320x320	ledger-pass-grayscale	none-use-contain	atlas-reference;original-practice-within-recorded-scope	decorative-brand-surface;cropped-or-filtered-use;implied-official-content	compatible-with-framing	none-recorded-in-release-review	constrain-to-reference	Ledger phone/print review: pass. Rights review: pass — original generated geometry; no prohibited source image supplied; no logo/trade dress or official-item reconstruction observed. Exact accepted derivatives only.	codex-only	none	0	false	true	content/authoring/visuals/releases/tools.json	5e763aa5e12df9f2f5e1a0e5c08b84a0e523326269bcded83d17d20a1d54759e	content/authoring/visuals/releases/tools.json#/63	content/authoring/visuals/releases/tools.json#/63/review	10e59d7706778c6e12b8d04d64897fb36a79b5b568819954d328fa95dda91f59	["content/authoring/visuals/releases/tools.json#/63/review/rightsSimilarity"]	7b8c1fb7b0b822b3ee006b36005f91a40ba0a6dc693347dd42ab890b237c3341	publicationGate	content/authoring/visuals/releases/tools.json#/63/publicationGate	null	content/assets/derivatives/tools/t064-phone.png	64755	42139d8c710f888d2e55566ac5dc5100d6c0e2d166ef37b8ba43ba2fd84e2241	320	320	content/authoring/visuals/releases/tools.json#/63/derivatives/1	content/assets/derivatives/tools/t064-print.png	122463	80a673df82e9920dfe4a5073e7a7b2d242b7aceb4caaa81ee719c4ce1359d78e	640	640	content/authoring/visuals/releases/tools.json#/63/derivatives/2	false		accepted-delivery-derivatives-byte-identical-only
tool	safety.wet-floor-sign	t065	1	phone=content/assets/derivatives/tools/t065-phone.png;print=content/assets/derivatives/tools/t065-print.png	tonal-line	1:1	near-white-native	single-object-moderate	ledger-pass-at-320x320	ledger-pass-grayscale	none-use-contain	atlas-reference;original-practice-within-recorded-scope	decorative-brand-surface;cropped-or-filtered-use;implied-official-content	compatible-with-framing	none-recorded-in-release-review	constrain-to-reference	Ledger phone/print review: pass. Rights review: pass — original generated geometry; no prohibited source image supplied; no logo/trade dress or official-item reconstruction observed. Exact accepted derivatives only.	codex-only	none	0	false	true	content/authoring/visuals/releases/tools.json	5e763aa5e12df9f2f5e1a0e5c08b84a0e523326269bcded83d17d20a1d54759e	content/authoring/visuals/releases/tools.json#/64	content/authoring/visuals/releases/tools.json#/64/review	10e59d7706778c6e12b8d04d64897fb36a79b5b568819954d328fa95dda91f59	["content/authoring/visuals/releases/tools.json#/64/review/rightsSimilarity"]	113346d7a96e86eae9cb9b444d1f81040b023aa2f367c22d3afec0fe2091d7bc	publicationGate	content/authoring/visuals/releases/tools.json#/64/publicationGate	null	content/assets/derivatives/tools/t065-phone.png	69586	2a0732d387e5d54fef745e104f757e6eca558cfc1fc524fcfeaf9d9f2330a134	320	320	content/authoring/visuals/releases/tools.json#/64/derivatives/1	content/assets/derivatives/tools/t065-print.png	127768	af302965f837e240ea6914b4b1a5d65e66f9c12105f6be240084f734e3399c5d	640	640	content/authoring/visuals/releases/tools.json#/64/derivatives/2	false		accepted-delivery-derivatives-byte-identical-only
comparison	comparison.floor-machine-burnisher	p001	1	phone=content/assets/derivatives/comparisons/p001-phone.png;print=content/assets/derivatives/comparisons/p001-print.png	tonal-line	2:1	near-white-native	two-or-three-object-moderate	ledger-pass-at-640x320	ledger-pass-grayscale	none-use-entire-comparison	atlas-reference;unscored-comparison-only	decorative-brand-surface;cropped-or-filtered-use;implied-official-content;scored-comparison-until-specialist-signoff	assessment-only	none-recorded-in-release-review	future-separate-review	Ledger phone/print review: pass; accepted master inputs only; no feature borrowing. Rights status: covered by release-level independent review; no comparison-row rights field. Gate: Before scored floor-machine versus burnisher comparison use, obtain specialist comparative signoff; accessory and chassis geometry are representative, not universal.	codex-only	none	0	false	true	content/authoring/visuals/releases/comparisons.json	34414a456e8274354a41c463e06337cba5ecd5abc57c4c4e8efafd7626e0a3ca	content/authoring/visuals/releases/comparisons.json#/0	content/authoring/visuals/releases/comparisons.json#/0/review	866cf3ba16161f0ec0e7838a4ff4a98b95e53bef33af08fae181f3dcba2ae402	["content/authoring/visuals/releases/comparisons.json#/0/review/acceptedMasterInputsOnly","content/authoring/visuals/releases/comparisons.json#/0/review/noFeatureBorrowing","content/authoring/visuals/releases/tools.json#/25/review/rightsSimilarity","content/authoring/visuals/releases/tools.json#/26/review/rightsSimilarity"]	39101d194333e5f76b48914578d4f5d1e33068b5c1acc834ed148bf26c5a850f	scoredUseGate	content/authoring/visuals/releases/comparisons.json#/0/scoredUseGate	["Before scored floor-machine versus burnisher comparison use, obtain specialist comparative signoff; accessory and chassis geometry are representative, not universal."]	content/assets/derivatives/comparisons/p001-phone.png	147023	b2b13aa07a1878a005b305ba79be910bc1bae32b1b12603f6e2f73cb5158214e	640	320	content/authoring/visuals/releases/comparisons.json#/0/derivatives/1	content/assets/derivatives/comparisons/p001-print.png	146961	49e86cfc7926aa279927faaf585db9d59be06948d2b4f9770dec6df88302f58e	960	480	content/authoring/visuals/releases/comparisons.json#/0/derivatives/2	false		accepted-delivery-derivatives-byte-identical-only
comparison	comparison.pipe-adjustable-wrench	p002	2	phone=content/assets/derivatives/comparisons/p002-phone.png;print=content/assets/derivatives/comparisons/p002-print.png	tonal-line	2:1	near-white-native	two-or-three-object-moderate	ledger-pass-at-640x320	ledger-pass-grayscale	none-use-entire-comparison	atlas-reference;original-practice-comparison	decorative-brand-surface;cropped-or-filtered-use;implied-official-content	assessment-only	none-recorded-in-release-review	use-as-is	Ledger phone/print review: pass; accepted master inputs only; no feature borrowing. Rights status: covered by release-level independent review; no comparison-row rights field. Exact accepted derivatives only.	codex-only	none	0	false	true	content/authoring/visuals/releases/comparisons.json	34414a456e8274354a41c463e06337cba5ecd5abc57c4c4e8efafd7626e0a3ca	content/authoring/visuals/releases/comparisons.json#/1	content/authoring/visuals/releases/comparisons.json#/1/review	a9ae0ae633a733dd56155911810546aa78df03a7dc0391cc8556459988aa04d0	["content/authoring/visuals/releases/comparisons.json#/1/review/acceptedMasterInputsOnly","content/authoring/visuals/releases/comparisons.json#/1/review/noFeatureBorrowing","content/authoring/visuals/releases/tools.json#/36/review/rightsSimilarity","content/authoring/visuals/releases/tools.json#/35/review/rightsSimilarity"]	aabfa2a192e4d021746a9c44c352b30448394e7f80b48a5e16827b22eb7f1f64	scoredUseGate	content/authoring/visuals/releases/comparisons.json#/1/scoredUseGate	[]	content/assets/derivatives/comparisons/p002-phone.png	123286	55c25683fc23737094d36010ac883851b12b47dc62d75eb1df32f63bb45fae08	640	320	content/authoring/visuals/releases/comparisons.json#/1/derivatives/1	content/assets/derivatives/comparisons/p002-print.png	127320	a6ddd9d5e77bba06070225bd91fc5bc9fb656678ce3b2ea69dc4e679beff1a6f	960	480	content/authoring/visuals/releases/comparisons.json#/1/derivatives/2	true	research/ui-ux/consumer-visual-system/prototype.mjs#semanticFingerprintInput.frames[frameId=browse-comparison].asset	accepted-delivery-derivatives-byte-identical-only
comparison	comparison.cup-flange-plunger	p003	1	phone=content/assets/derivatives/comparisons/p003-phone.png;print=content/assets/derivatives/comparisons/p003-print.png	tonal-line	2:1	near-white-native	two-or-three-object-moderate	ledger-pass-at-640x320	ledger-pass-grayscale	none-use-entire-comparison	atlas-reference;original-practice-comparison	decorative-brand-surface;cropped-or-filtered-use;implied-official-content	assessment-only	none-recorded-in-release-review	constrain-to-assessment	Ledger phone/print review: pass; accepted master inputs only; no feature borrowing. Rights status: covered by release-level independent review; no comparison-row rights field. Exact accepted derivatives only.	codex-only	none	0	false	true	content/authoring/visuals/releases/comparisons.json	34414a456e8274354a41c463e06337cba5ecd5abc57c4c4e8efafd7626e0a3ca	content/authoring/visuals/releases/comparisons.json#/2	content/authoring/visuals/releases/comparisons.json#/2/review	866cf3ba16161f0ec0e7838a4ff4a98b95e53bef33af08fae181f3dcba2ae402	["content/authoring/visuals/releases/comparisons.json#/2/review/acceptedMasterInputsOnly","content/authoring/visuals/releases/comparisons.json#/2/review/noFeatureBorrowing","content/authoring/visuals/releases/tools.json#/55/review/rightsSimilarity","content/authoring/visuals/releases/tools.json#/56/review/rightsSimilarity"]	3373e54720e085044657d45f583e62c449b2f24431f90ebb2fcac9a5daf14a05	scoredUseGate	content/authoring/visuals/releases/comparisons.json#/2/scoredUseGate	[]	content/assets/derivatives/comparisons/p003-phone.png	137663	e99df1d2ef091154abb42cfcf75bc34a9222155f4a26634e901f8ec2f00c03b4	640	320	content/authoring/visuals/releases/comparisons.json#/2/derivatives/1	content/assets/derivatives/comparisons/p003-print.png	134792	964265fe8e9d8058fcd3fc2c68f9e69c6b1143bfa7b7345c87a6ee752e472f03	960	480	content/authoring/visuals/releases/comparisons.json#/2/derivatives/2	false		accepted-delivery-derivatives-byte-identical-only
comparison	comparison.crosscut-rip-saw	p004	1	phone=content/assets/derivatives/comparisons/p004-phone.png;print=content/assets/derivatives/comparisons/p004-print.png	tonal-line	2:1	near-white-native	two-or-three-object-moderate	ledger-pass-at-640x320	ledger-pass-grayscale	none-use-entire-comparison	atlas-reference;unscored-comparison-only	decorative-brand-surface;cropped-or-filtered-use;implied-official-content;scored-comparison-until-specialist-signoff	assessment-only	none-recorded-in-release-review	future-separate-review	Ledger phone/print review: pass; accepted master inputs only; no feature borrowing. Rights status: covered by release-level independent review; no comparison-row rights field. Gate: Crosscut/rip scored comparison remains gated on specialist tooth-geometry review at native and 320 px sizes.	codex-only	none	0	false	true	content/authoring/visuals/releases/comparisons.json	34414a456e8274354a41c463e06337cba5ecd5abc57c4c4e8efafd7626e0a3ca	content/authoring/visuals/releases/comparisons.json#/3	content/authoring/visuals/releases/comparisons.json#/3/review	866cf3ba16161f0ec0e7838a4ff4a98b95e53bef33af08fae181f3dcba2ae402	["content/authoring/visuals/releases/comparisons.json#/3/review/acceptedMasterInputsOnly","content/authoring/visuals/releases/comparisons.json#/3/review/noFeatureBorrowing","content/authoring/visuals/releases/tools.json#/46/review/rightsSimilarity","content/authoring/visuals/releases/tools.json#/47/review/rightsSimilarity"]	5e7d2bb983b81aa086d11098e2e7ef9aeb76a7dfc0bf79833933f7fd51bfba04	scoredUseGate	content/authoring/visuals/releases/comparisons.json#/3/scoredUseGate	["Crosscut/rip scored comparison remains gated on specialist tooth-geometry review at native and 320 px sizes."]	content/assets/derivatives/comparisons/p004-phone.png	111034	c02baabfed7352aabb8759930313fd75aab1ac420fa3d75ce08c6eb351f37267	640	320	content/authoring/visuals/releases/comparisons.json#/3/derivatives/1	content/assets/derivatives/comparisons/p004-print.png	115975	cec7da4fbeec43ef9eaaa882e4d553632ae36e6f13c57fee1320349144d09bf3	960	480	content/authoring/visuals/releases/comparisons.json#/3/derivatives/2	false		accepted-delivery-derivatives-byte-identical-only
comparison	comparison.claw-ball-peen-hammer	p005	1	phone=content/assets/derivatives/comparisons/p005-phone.png;print=content/assets/derivatives/comparisons/p005-print.png	tonal-line	2:1	near-white-native	two-or-three-object-moderate	ledger-pass-at-640x320	ledger-pass-grayscale	none-use-entire-comparison	atlas-reference;original-practice-comparison	decorative-brand-surface;cropped-or-filtered-use;implied-official-content	assessment-only	none-recorded-in-release-review	constrain-to-assessment	Ledger phone/print review: pass; accepted master inputs only; no feature borrowing. Rights status: covered by release-level independent review; no comparison-row rights field. Exact accepted derivatives only.	codex-only	none	0	false	true	content/authoring/visuals/releases/comparisons.json	34414a456e8274354a41c463e06337cba5ecd5abc57c4c4e8efafd7626e0a3ca	content/authoring/visuals/releases/comparisons.json#/4	content/authoring/visuals/releases/comparisons.json#/4/review	866cf3ba16161f0ec0e7838a4ff4a98b95e53bef33af08fae181f3dcba2ae402	["content/authoring/visuals/releases/comparisons.json#/4/review/acceptedMasterInputsOnly","content/authoring/visuals/releases/comparisons.json#/4/review/noFeatureBorrowing","content/authoring/visuals/releases/tools.json#/30/review/rightsSimilarity","content/authoring/visuals/releases/tools.json#/31/review/rightsSimilarity"]	b99c4037038fe87158f64f51e269247992b5062330c253e8c58ed5ceab16f1d9	scoredUseGate	content/authoring/visuals/releases/comparisons.json#/4/scoredUseGate	[]	content/assets/derivatives/comparisons/p005-phone.png	113150	771ab90a6bddb33ac86f442b6e2b4346da4891b4c45308b158aa3fbb906c1249	640	320	content/authoring/visuals/releases/comparisons.json#/4/derivatives/1	content/assets/derivatives/comparisons/p005-print.png	126001	5c63b069a3c1ed21ed955d6e00cfefbf5ddb7d05a261dc9cce18e7aacfe1b96b	960	480	content/authoring/visuals/releases/comparisons.json#/4/derivatives/2	false		accepted-delivery-derivatives-byte-identical-only
comparison	comparison.step-extension-ladder	p006	1	phone=content/assets/derivatives/comparisons/p006-phone.png;print=content/assets/derivatives/comparisons/p006-print.png	tonal-line	2:1	near-white-native	two-or-three-object-moderate	ledger-pass-at-640x320	ledger-pass-grayscale	none-use-entire-comparison	atlas-reference;original-practice-comparison	decorative-brand-surface;cropped-or-filtered-use;implied-official-content	assessment-only	none-recorded-in-release-review	constrain-to-assessment	Ledger phone/print review: pass; accepted master inputs only; no feature borrowing. Rights status: covered by release-level independent review; no comparison-row rights field. Exact accepted derivatives only.	codex-only	none	0	false	true	content/authoring/visuals/releases/comparisons.json	34414a456e8274354a41c463e06337cba5ecd5abc57c4c4e8efafd7626e0a3ca	content/authoring/visuals/releases/comparisons.json#/5	content/authoring/visuals/releases/comparisons.json#/5/review	866cf3ba16161f0ec0e7838a4ff4a98b95e53bef33af08fae181f3dcba2ae402	["content/authoring/visuals/releases/comparisons.json#/5/review/acceptedMasterInputsOnly","content/authoring/visuals/releases/comparisons.json#/5/review/noFeatureBorrowing","content/authoring/visuals/releases/tools.json#/60/review/rightsSimilarity","content/authoring/visuals/releases/tools.json#/61/review/rightsSimilarity"]	ad3a8f9148caf8c24d5d86f5f6ec540b07944d775a1ff393b93ad3875b3fa8dd	scoredUseGate	content/authoring/visuals/releases/comparisons.json#/5/scoredUseGate	[]	content/assets/derivatives/comparisons/p006-phone.png	128802	814b9ce794ec70ac52d426435c17d4a1669c1e23b9f5174a7b2d880142db6621	640	320	content/authoring/visuals/releases/comparisons.json#/5/derivatives/1	content/assets/derivatives/comparisons/p006-print.png	130269	e0a176a81a03d17d6cb8916bee38bbda7b22202cdb567a6d8761e45af777e141	960	480	content/authoring/visuals/releases/comparisons.json#/5/derivatives/2	false		accepted-delivery-derivatives-byte-identical-only
comparison	comparison.dust-wet-mop	p007	1	phone=content/assets/derivatives/comparisons/p007-phone.png;print=content/assets/derivatives/comparisons/p007-print.png	tonal-line	2:1	near-white-native	two-or-three-object-moderate	ledger-pass-at-640x320	ledger-pass-grayscale	none-use-entire-comparison	atlas-reference;original-practice-comparison	decorative-brand-surface;cropped-or-filtered-use;implied-official-content	assessment-only	none-recorded-in-release-review	constrain-to-assessment	Ledger phone/print review: pass; accepted master inputs only; no feature borrowing. Rights status: covered by release-level independent review; no comparison-row rights field. Exact accepted derivatives only.	codex-only	none	0	false	true	content/authoring/visuals/releases/comparisons.json	34414a456e8274354a41c463e06337cba5ecd5abc57c4c4e8efafd7626e0a3ca	content/authoring/visuals/releases/comparisons.json#/6	content/authoring/visuals/releases/comparisons.json#/6/review	866cf3ba16161f0ec0e7838a4ff4a98b95e53bef33af08fae181f3dcba2ae402	["content/authoring/visuals/releases/comparisons.json#/6/review/acceptedMasterInputsOnly","content/authoring/visuals/releases/comparisons.json#/6/review/noFeatureBorrowing","content/authoring/visuals/releases/tools.json#/5/review/rightsSimilarity","content/authoring/visuals/releases/tools.json#/6/review/rightsSimilarity"]	9389e4eacc2a4124c9c3c9c98ca3092aaccc299d2df7d46296abea296014f988	scoredUseGate	content/authoring/visuals/releases/comparisons.json#/6/scoredUseGate	[]	content/assets/derivatives/comparisons/p007-phone.png	129858	a057ea617fe553dcd373e2454db3e0a0220a8877275ca8507cecdab25f55e933	640	320	content/authoring/visuals/releases/comparisons.json#/6/derivatives/1	content/assets/derivatives/comparisons/p007-print.png	135467	750973fe4054c134fdbb45a0816fc496d536ef8c1745c69ebf1e905d271a8148	960	480	content/authoring/visuals/releases/comparisons.json#/6/derivatives/2	false		accepted-delivery-derivatives-byte-identical-only
comparison	comparison.floor-window-squeegee	p008	1	phone=content/assets/derivatives/comparisons/p008-phone.png;print=content/assets/derivatives/comparisons/p008-print.png	tonal-line	2:1	near-white-native	two-or-three-object-moderate	ledger-pass-at-640x320	ledger-pass-grayscale	none-use-entire-comparison	atlas-reference;original-practice-comparison	decorative-brand-surface;cropped-or-filtered-use;implied-official-content	assessment-only	none-recorded-in-release-review	constrain-to-assessment	Ledger phone/print review: pass; accepted master inputs only; no feature borrowing. Rights status: covered by release-level independent review; no comparison-row rights field. Exact accepted derivatives only.	codex-only	none	0	false	true	content/authoring/visuals/releases/comparisons.json	34414a456e8274354a41c463e06337cba5ecd5abc57c4c4e8efafd7626e0a3ca	content/authoring/visuals/releases/comparisons.json#/7	content/authoring/visuals/releases/comparisons.json#/7/review	866cf3ba16161f0ec0e7838a4ff4a98b95e53bef33af08fae181f3dcba2ae402	["content/authoring/visuals/releases/comparisons.json#/7/review/acceptedMasterInputsOnly","content/authoring/visuals/releases/comparisons.json#/7/review/noFeatureBorrowing","content/authoring/visuals/releases/tools.json#/14/review/rightsSimilarity","content/authoring/visuals/releases/tools.json#/15/review/rightsSimilarity"]	3e4f42e6c994ebd9a2efe9793d8bc6dd1e4781c046f7d4ab5eebd85c6fb7d7fb	scoredUseGate	content/authoring/visuals/releases/comparisons.json#/7/scoredUseGate	[]	content/assets/derivatives/comparisons/p008-phone.png	110928	040995a4cd5827d00d524840bd14feeae0d90d67018cfa9128171228f7e9c576	640	320	content/authoring/visuals/releases/comparisons.json#/7/derivatives/1	content/assets/derivatives/comparisons/p008-print.png	118596	7cb7eb204bfc199f326fd5d245e385b3d04c6e5e3a5f4d0bb5246c118982eb51	960	480	content/authoring/visuals/releases/comparisons.json#/7/derivatives/2	false		accepted-delivery-derivatives-byte-identical-only
comparison	comparison.upright-vacuum-carpet-extractor	p009	1	phone=content/assets/derivatives/comparisons/p009-phone.png;print=content/assets/derivatives/comparisons/p009-print.png	tonal-line	2:1	near-white-native	two-or-three-object-moderate	ledger-pass-at-640x320	ledger-pass-grayscale	none-use-entire-comparison	atlas-reference;unscored-comparison-only	decorative-brand-surface;cropped-or-filtered-use;implied-official-content;scored-comparison-until-specialist-signoff	assessment-only	none-recorded-in-release-review	future-separate-review	Ledger phone/print review: pass; accepted master inputs only; no feature borrowing. Rights status: covered by release-level independent review; no comparison-row rights field. Gate: Before scored upright-vacuum versus carpet-extractor comparison use, obtain specialist comparative signoff; the selected drawings represent specific generic configurations, not universal silhouettes.	codex-only	none	0	false	true	content/authoring/visuals/releases/comparisons.json	34414a456e8274354a41c463e06337cba5ecd5abc57c4c4e8efafd7626e0a3ca	content/authoring/visuals/releases/comparisons.json#/8	content/authoring/visuals/releases/comparisons.json#/8/review	866cf3ba16161f0ec0e7838a4ff4a98b95e53bef33af08fae181f3dcba2ae402	["content/authoring/visuals/releases/comparisons.json#/8/review/acceptedMasterInputsOnly","content/authoring/visuals/releases/comparisons.json#/8/review/noFeatureBorrowing","content/authoring/visuals/releases/tools.json#/20/review/rightsSimilarity","content/authoring/visuals/releases/tools.json#/23/review/rightsSimilarity"]	fceea9137d2d7ab273e720f259c896a109e49acc7617675b84ef0014fa1c8503	scoredUseGate	content/authoring/visuals/releases/comparisons.json#/8/scoredUseGate	["Before scored upright-vacuum versus carpet-extractor comparison use, obtain specialist comparative signoff; the selected drawings represent specific generic configurations, not universal silhouettes."]	content/assets/derivatives/comparisons/p009-phone.png	127649	9fa175662a672f9ec2f7ea9b5f5a30cdcd71e4170df45630b6c3cf97f312e38d	640	320	content/authoring/visuals/releases/comparisons.json#/8/derivatives/1	content/assets/derivatives/comparisons/p009-print.png	129016	6c9051d0928d4f913db21c4b5d2545c41ea25b139031982ce063ca635753c6a2	960	480	content/authoring/visuals/releases/comparisons.json#/8/derivatives/2	false		accepted-delivery-derivatives-byte-identical-only
comparison	comparison.slip-joint-tongue-groove-pliers	p010	1	phone=content/assets/derivatives/comparisons/p010-phone.png;print=content/assets/derivatives/comparisons/p010-print.png	tonal-line	2:1	near-white-native	two-or-three-object-moderate	ledger-pass-at-640x320	ledger-pass-grayscale	none-use-entire-comparison	atlas-reference;original-practice-comparison	decorative-brand-surface;cropped-or-filtered-use;implied-official-content	assessment-only	none-recorded-in-release-review	constrain-to-assessment	Ledger phone/print review: pass; accepted master inputs only; no feature borrowing. Rights status: covered by release-level independent review; no comparison-row rights field. Exact accepted derivatives only.	codex-only	none	0	false	true	content/authoring/visuals/releases/comparisons.json	34414a456e8274354a41c463e06337cba5ecd5abc57c4c4e8efafd7626e0a3ca	content/authoring/visuals/releases/comparisons.json#/9	content/authoring/visuals/releases/comparisons.json#/9/review	866cf3ba16161f0ec0e7838a4ff4a98b95e53bef33af08fae181f3dcba2ae402	["content/authoring/visuals/releases/comparisons.json#/9/review/acceptedMasterInputsOnly","content/authoring/visuals/releases/comparisons.json#/9/review/noFeatureBorrowing","content/authoring/visuals/releases/tools.json#/38/review/rightsSimilarity","content/authoring/visuals/releases/tools.json#/39/review/rightsSimilarity"]	b8f4d9fb4e86adb61c98d58643d90034a7e7465963ac9b8f175d92569d530c50	scoredUseGate	content/authoring/visuals/releases/comparisons.json#/9/scoredUseGate	[]	content/assets/derivatives/comparisons/p010-phone.png	128120	6d42ec7b2176c0bfedcda49206ac4afc0577aed9cdca37be5bfe382d585e9c5b	640	320	content/authoring/visuals/releases/comparisons.json#/9/derivatives/1	content/assets/derivatives/comparisons/p010-print.png	133533	5e6243233ba060b37740f9f9352877f242584d77a1294fdd009e341fcd19ab04	960	480	content/authoring/visuals/releases/comparisons.json#/9/derivatives/2	false		accepted-delivery-derivatives-byte-identical-only
comparison	comparison.needle-nose-diagonal-pliers	p011	1	phone=content/assets/derivatives/comparisons/p011-phone.png;print=content/assets/derivatives/comparisons/p011-print.png	tonal-line	2:1	near-white-native	two-or-three-object-moderate	ledger-pass-at-640x320	ledger-pass-grayscale	none-use-entire-comparison	atlas-reference;original-practice-comparison	decorative-brand-surface;cropped-or-filtered-use;implied-official-content	assessment-only	none-recorded-in-release-review	constrain-to-assessment	Ledger phone/print review: pass; accepted master inputs only; no feature borrowing. Rights status: covered by release-level independent review; no comparison-row rights field. Exact accepted derivatives only.	codex-only	none	0	false	true	content/authoring/visuals/releases/comparisons.json	34414a456e8274354a41c463e06337cba5ecd5abc57c4c4e8efafd7626e0a3ca	content/authoring/visuals/releases/comparisons.json#/10	content/authoring/visuals/releases/comparisons.json#/10/review	866cf3ba16161f0ec0e7838a4ff4a98b95e53bef33af08fae181f3dcba2ae402	["content/authoring/visuals/releases/comparisons.json#/10/review/acceptedMasterInputsOnly","content/authoring/visuals/releases/comparisons.json#/10/review/noFeatureBorrowing","content/authoring/visuals/releases/tools.json#/40/review/rightsSimilarity","content/authoring/visuals/releases/tools.json#/41/review/rightsSimilarity"]	158d2a9577f6d5f29fefe4a9a52aec13a4d33b7e7a78d992fb8e96e7e0b962bf	scoredUseGate	content/authoring/visuals/releases/comparisons.json#/10/scoredUseGate	[]	content/assets/derivatives/comparisons/p011-phone.png	121810	cbd0fcc8a5937da958c5f0f477284f7585d521af2f1048444feb8efe4f8dde4e	640	320	content/authoring/visuals/releases/comparisons.json#/10/derivatives/1	content/assets/derivatives/comparisons/p011-print.png	127604	3c30e225164638f0016b6b1c1f56748958b3d8e3f7b1fdbb8e75240674bad69d	960	480	content/authoring/visuals/releases/comparisons.json#/10/derivatives/2	false		accepted-delivery-derivatives-byte-identical-only
comparison	comparison.putty-knife-paint-scraper	p012	1	phone=content/assets/derivatives/comparisons/p012-phone.png;print=content/assets/derivatives/comparisons/p012-print.png	tonal-line	2:1	near-white-native	two-or-three-object-moderate	ledger-pass-at-640x320	ledger-pass-grayscale	none-use-entire-comparison	atlas-reference;original-practice-comparison	decorative-brand-surface;cropped-or-filtered-use;implied-official-content	assessment-only	none-recorded-in-release-review	constrain-to-assessment	Ledger phone/print review: pass; accepted master inputs only; no feature borrowing. Rights status: covered by release-level independent review; no comparison-row rights field. Exact accepted derivatives only.	codex-only	none	0	false	true	content/authoring/visuals/releases/comparisons.json	34414a456e8274354a41c463e06337cba5ecd5abc57c4c4e8efafd7626e0a3ca	content/authoring/visuals/releases/comparisons.json#/11	content/authoring/visuals/releases/comparisons.json#/11/review	866cf3ba16161f0ec0e7838a4ff4a98b95e53bef33af08fae181f3dcba2ae402	["content/authoring/visuals/releases/comparisons.json#/11/review/acceptedMasterInputsOnly","content/authoring/visuals/releases/comparisons.json#/11/review/noFeatureBorrowing","content/authoring/visuals/releases/tools.json#/50/review/rightsSimilarity","content/authoring/visuals/releases/tools.json#/51/review/rightsSimilarity"]	48e548bf6603c8635b8f9da6f30bca29d3f530fca318d6e9483a842dfbda6325	scoredUseGate	content/authoring/visuals/releases/comparisons.json#/11/scoredUseGate	[]	content/assets/derivatives/comparisons/p012-phone.png	111681	425fb19eb1d053812354a45ec98c70763945c163a88fc3969f9f73952ca92ef0	640	320	content/authoring/visuals/releases/comparisons.json#/11/derivatives/1	content/assets/derivatives/comparisons/p012-print.png	125052	5676df17f8024698a95173c141eb7860424bf02ed9b896a3a65b3b474e1dc502	960	480	content/authoring/visuals/releases/comparisons.json#/11/derivatives/2	false		accepted-delivery-derivatives-byte-identical-only
comparison	comparison.c-clamp-locking-bar-clamp	p013	1	phone=content/assets/derivatives/comparisons/p013-phone.png;print=content/assets/derivatives/comparisons/p013-print.png	tonal-line	2:1	near-white-native	two-or-three-object-moderate	ledger-pass-at-640x320	ledger-pass-grayscale	none-use-entire-comparison	atlas-reference;original-practice-comparison	decorative-brand-surface;cropped-or-filtered-use;implied-official-content	assessment-only	none-recorded-in-release-review	constrain-to-assessment	Ledger phone/print review: pass; accepted master inputs only; no feature borrowing. Rights status: covered by release-level independent review; no comparison-row rights field. Exact accepted derivatives only.	codex-only	none	0	false	true	content/authoring/visuals/releases/comparisons.json	34414a456e8274354a41c463e06337cba5ecd5abc57c4c4e8efafd7626e0a3ca	content/authoring/visuals/releases/comparisons.json#/12	content/authoring/visuals/releases/comparisons.json#/12/review	866cf3ba16161f0ec0e7838a4ff4a98b95e53bef33af08fae181f3dcba2ae402	["content/authoring/visuals/releases/comparisons.json#/12/review/acceptedMasterInputsOnly","content/authoring/visuals/releases/comparisons.json#/12/review/noFeatureBorrowing","content/authoring/visuals/releases/tools.json#/43/review/rightsSimilarity","content/authoring/visuals/releases/tools.json#/42/review/rightsSimilarity","content/authoring/visuals/releases/tools.json#/44/review/rightsSimilarity"]	bc912d7167e79983cb9e202b498d098963e0d2654d75f798ec2d6d170539107c	scoredUseGate	content/authoring/visuals/releases/comparisons.json#/12/scoredUseGate	[]	content/assets/derivatives/comparisons/p013-phone.png	77128	a97705e7f55a2171649745542206e0996566a037aa0802adda8611884ee5def2	640	320	content/authoring/visuals/releases/comparisons.json#/12/derivatives/1	content/assets/derivatives/comparisons/p013-print.png	80543	049a5ebf51742062050668a0687c7595543b1a40f2350927749a7d18173c8161	960	480	content/authoring/visuals/releases/comparisons.json#/12/derivatives/2	false		accepted-delivery-derivatives-byte-identical-only
comparison	comparison.push-broom-deck-brush	p014	1	phone=content/assets/derivatives/comparisons/p014-phone.png;print=content/assets/derivatives/comparisons/p014-print.png	tonal-line	2:1	near-white-native	two-or-three-object-moderate	ledger-pass-at-640x320	ledger-pass-grayscale	none-use-entire-comparison	atlas-reference;original-practice-comparison	decorative-brand-surface;cropped-or-filtered-use;implied-official-content	assessment-only	none-recorded-in-release-review	constrain-to-assessment	Ledger phone/print review: pass; accepted master inputs only; no feature borrowing. Rights status: covered by release-level independent review; no comparison-row rights field. Exact accepted derivatives only.	codex-only	none	0	false	true	content/authoring/visuals/releases/comparisons.json	34414a456e8274354a41c463e06337cba5ecd5abc57c4c4e8efafd7626e0a3ca	content/authoring/visuals/releases/comparisons.json#/13	content/authoring/visuals/releases/comparisons.json#/13/review	866cf3ba16161f0ec0e7838a4ff4a98b95e53bef33af08fae181f3dcba2ae402	["content/authoring/visuals/releases/comparisons.json#/13/review/acceptedMasterInputsOnly","content/authoring/visuals/releases/comparisons.json#/13/review/noFeatureBorrowing","content/authoring/visuals/releases/tools.json#/3/review/rightsSimilarity","content/authoring/visuals/releases/tools.json#/9/review/rightsSimilarity"]	a234de5c969660413794003e83b48143c5ea647f249743b7bc61584e579aeb54	scoredUseGate	content/authoring/visuals/releases/comparisons.json#/13/scoredUseGate	[]	content/assets/derivatives/comparisons/p014-phone.png	101460	d11f8afb742e9640036b23737d08b32733de46863cabd11376da9e456e2f0273	640	320	content/authoring/visuals/releases/comparisons.json#/13/derivatives/1	content/assets/derivatives/comparisons/p014-print.png	118693	a1f4abe8651c1be26fa9fb15312456897f07b89da901113dbd47f44a3d0175f3	960	480	content/authoring/visuals/releases/comparisons.json#/13/derivatives/2	false		accepted-delivery-derivatives-byte-identical-only
scene	scene.slip.hallway-wet-floor	s001	n/a	phone=content/assets/derivatives/scenes/s001-phone.png;print=content/assets/derivatives/scenes/s001-print.png	tonal-line	3:2	contextual-full-scene	environmental-scene-high	ledger-independent-review-pass-at-720x480	ledger-independent-review-pass-grayscale	none-preserve-full-scene	hazard-task-frame;hazard-reference	decorative-brand-surface;cropped-or-filtered-use;outside-hazard-task-frame	assessment-only	mixed-library-rendering-mode-requires-explicit-frame	constrain-to-assessment	Independent scene review: pass. Rights/provenance review: pass — text-only original generation; no source image or prohibited reconstruction supplied; native C2PA retained.	codex-only	none	0	false	true	content/authoring/visuals/releases/scenes.json	6081789eb15f4cd49d3ba519476e56a2da05a7bdde5ea66ca64ae74e2a75018a	content/authoring/visuals/releases/scenes.json#/0	content/authoring/visuals/releases/scene-qa-ledger.json#/0/reviews	bfe9a90287ab6b0b8c9f45ce0b796d16e51971c4238094b3b08a99d593873cfd	["content/authoring/visuals/releases/scene-qa-ledger.json#/0/reviews/rightsAndProvenance"]	8958b96d9573d5b233901b67afcd049db1ed2d9a04203a339a68190fbbf4d9ee	publicationGate	content/authoring/visuals/releases/scenes.json#/0/publicationGate	null	content/assets/derivatives/scenes/s001-phone.png	412605	39a7fb59d35b2ff5848a6294205200e34f6b78ec6dd4e11f72614d3eab0a9dd3	720	480	content/authoring/visuals/releases/scenes.json#/0/derivatives/1	content/assets/derivatives/scenes/s001-print.png	495492	6ec56211e35f1ec1a01371a77c6ee73343860c2d4257932aed2bf9cdcc4c071e	1200	800	content/authoring/visuals/releases/scenes.json#/0/derivatives/2	true	research/ui-ux/consumer-visual-system/prototype.mjs#semanticFingerprintInput.frames[frameId=focused-hazard-precommit].asset	accepted-delivery-derivatives-byte-identical-only
scene	scene.slip.lobby-raised-mat	s002	n/a	phone=content/assets/derivatives/scenes/s002-phone.png;print=content/assets/derivatives/scenes/s002-print.png	tonal-line	3:2	contextual-full-scene	environmental-scene-high	ledger-independent-review-pass-at-720x480	ledger-independent-review-pass-grayscale	none-preserve-full-scene	hazard-task-frame;hazard-reference	decorative-brand-surface;cropped-or-filtered-use;outside-hazard-task-frame	assessment-only	mixed-library-rendering-mode-requires-explicit-frame	constrain-to-assessment	Independent scene review: pass. Rights/provenance review: pass — text-only original generation; no source image or prohibited reconstruction supplied; native C2PA retained.	codex-only	none	0	false	true	content/authoring/visuals/releases/scenes.json	6081789eb15f4cd49d3ba519476e56a2da05a7bdde5ea66ca64ae74e2a75018a	content/authoring/visuals/releases/scenes.json#/1	content/authoring/visuals/releases/scene-qa-ledger.json#/1/reviews	bfe9a90287ab6b0b8c9f45ce0b796d16e51971c4238094b3b08a99d593873cfd	["content/authoring/visuals/releases/scene-qa-ledger.json#/1/reviews/rightsAndProvenance"]	1d8e182bafa726191f271c2ca820ae5de0e310e1727ff0518569dfe1b3e12da3	publicationGate	content/authoring/visuals/releases/scenes.json#/1/publicationGate	null	content/assets/derivatives/scenes/s002-phone.png	400157	cee8d91348600b592bf0c7ac89449c4f30dedf6c83a36d96e107262f518ea0ef	720	480	content/authoring/visuals/releases/scenes.json#/1/derivatives/1	content/assets/derivatives/scenes/s002-print.png	434499	6d46ff3b4acfe29af00469baa645b3df43aff3b7918178dc5d404eb4c853d89b	1200	800	content/authoring/visuals/releases/scenes.json#/1/derivatives/2	false		accepted-delivery-derivatives-byte-identical-only
scene	scene.egress.stairwell-boxes	s003	n/a	phone=content/assets/derivatives/scenes/s003-phone.png;print=content/assets/derivatives/scenes/s003-print.png	tonal-line	3:2	contextual-full-scene	environmental-scene-high	ledger-independent-review-pass-at-720x480	ledger-independent-review-pass-grayscale	none-preserve-full-scene	hazard-task-frame;hazard-reference	decorative-brand-surface;cropped-or-filtered-use;outside-hazard-task-frame	assessment-only	mixed-library-rendering-mode-requires-explicit-frame	constrain-to-assessment	Independent scene review: pass. Rights/provenance review: pass — text-only original generation; no source image or prohibited reconstruction supplied; native C2PA retained.	codex-only	none	0	false	true	content/authoring/visuals/releases/scenes.json	6081789eb15f4cd49d3ba519476e56a2da05a7bdde5ea66ca64ae74e2a75018a	content/authoring/visuals/releases/scenes.json#/2	content/authoring/visuals/releases/scene-qa-ledger.json#/2/reviews	bfe9a90287ab6b0b8c9f45ce0b796d16e51971c4238094b3b08a99d593873cfd	["content/authoring/visuals/releases/scene-qa-ledger.json#/2/reviews/rightsAndProvenance"]	4106b366f09a5b4be1cca740776398d78ce780b1777ffe41ab37fa50569d6aa1	publicationGate	content/authoring/visuals/releases/scenes.json#/2/publicationGate	null	content/assets/derivatives/scenes/s003-phone.png	260693	4213808a50ec91260499d7e409d22211479cb071a5643e935aa98cb37d054171	720	480	content/authoring/visuals/releases/scenes.json#/2/derivatives/1	content/assets/derivatives/scenes/s003-print.png	284460	69b3952d515745f5727ae37a0f46ec64eb3a6a490a9d3dfd8a8212d4003c8d42	1200	800	content/authoring/visuals/releases/scenes.json#/2/derivatives/2	false		accepted-delivery-derivatives-byte-identical-only
scene	scene.egress.gym-exit-obstruction	s004	n/a	phone=content/assets/derivatives/scenes/s004-phone.png;print=content/assets/derivatives/scenes/s004-print.png	tonal-line	3:2	contextual-full-scene	environmental-scene-high	ledger-independent-review-pass-at-720x480	ledger-independent-review-pass-grayscale	none-preserve-full-scene	hazard-task-frame;hazard-reference	decorative-brand-surface;cropped-or-filtered-use;outside-hazard-task-frame	assessment-only	mixed-library-rendering-mode-requires-explicit-frame	constrain-to-assessment	Independent scene review: pass. Rights/provenance review: pass — text-only original generation; no source image or prohibited reconstruction supplied; native C2PA retained.	codex-only	none	0	false	true	content/authoring/visuals/releases/scenes.json	6081789eb15f4cd49d3ba519476e56a2da05a7bdde5ea66ca64ae74e2a75018a	content/authoring/visuals/releases/scenes.json#/3	content/authoring/visuals/releases/scene-qa-ledger.json#/3/reviews	bfe9a90287ab6b0b8c9f45ce0b796d16e51971c4238094b3b08a99d593873cfd	["content/authoring/visuals/releases/scene-qa-ledger.json#/3/reviews/rightsAndProvenance"]	69d7fbf15e2300e366bd739f1ea072b3be0f18a2951b051775f2a2da62aea02d	publicationGate	content/authoring/visuals/releases/scenes.json#/3/publicationGate	null	content/assets/derivatives/scenes/s004-phone.png	354178	2b23ac4ad603aa550aa10946d23c7175953afe4b7c8708c1ed44a9cf41689e9b	720	480	content/authoring/visuals/releases/scenes.json#/3/derivatives/1	content/assets/derivatives/scenes/s004-print.png	419095	4bd539daafd85a4b1a02362aaac74e3a8b69a3e609ad42712ff56b9e2715ad5e	1200	800	content/authoring/visuals/releases/scenes.json#/3/derivatives/2	false		accepted-delivery-derivatives-byte-identical-only
scene	scene.chemical.closet-unidentified-container	s005	n/a	phone=content/assets/derivatives/scenes/s005-phone.png;print=content/assets/derivatives/scenes/s005-print.png	photoreal-color	3:2	contextual-full-scene	environmental-scene-high	ledger-independent-review-pass-at-720x480	ledger-independent-review-pass-grayscale	none-preserve-full-scene	hazard-task-frame;hazard-reference	decorative-brand-surface;cropped-or-filtered-use;outside-hazard-task-frame	assessment-only	mixed-library-rendering-mode-requires-explicit-frame	constrain-to-assessment	Independent scene review: pass. Rights/provenance review: pass — text-only original generation; no source image or prohibited reconstruction supplied; native C2PA retained.	codex-only	none	0	false	true	content/authoring/visuals/releases/scenes.json	6081789eb15f4cd49d3ba519476e56a2da05a7bdde5ea66ca64ae74e2a75018a	content/authoring/visuals/releases/scenes.json#/4	content/authoring/visuals/releases/scene-qa-ledger.json#/4/reviews	bfe9a90287ab6b0b8c9f45ce0b796d16e51971c4238094b3b08a99d593873cfd	["content/authoring/visuals/releases/scene-qa-ledger.json#/4/reviews/rightsAndProvenance"]	295d80c5df89212122578d04e9ce1aa8411b06eafbb4e560009409085edd0e50	publicationGate	content/authoring/visuals/releases/scenes.json#/4/publicationGate	null	content/assets/derivatives/scenes/s005-phone.png	704239	f06e915daa79316f57f63462175a008ca5a9c503bb4eec289d1ca5eb765ae467	720	480	content/authoring/visuals/releases/scenes.json#/4/derivatives/1	content/assets/derivatives/scenes/s005-print.png	674733	b4906d7463a20f10cfecd42cdc0b47d79d7887514d34db1fc551d371685e425d	1200	800	content/authoring/visuals/releases/scenes.json#/4/derivatives/2	false		accepted-delivery-derivatives-byte-identical-only
scene	scene.chemical.kitchen-chemicals-over-foodware	s006	n/a	phone=content/assets/derivatives/scenes/s006-phone.png;print=content/assets/derivatives/scenes/s006-print.png	photoreal-color	3:2	contextual-full-scene	environmental-scene-high	ledger-independent-review-pass-at-720x480	ledger-independent-review-pass-grayscale	none-preserve-full-scene	hazard-task-frame;hazard-reference	decorative-brand-surface;cropped-or-filtered-use;outside-hazard-task-frame	assessment-only	mixed-library-rendering-mode-requires-explicit-frame	constrain-to-assessment	Independent scene review: pass. Rights/provenance review: pass — text-only original generation; no source image or prohibited reconstruction supplied; native C2PA retained.	codex-only	none	0	false	true	content/authoring/visuals/releases/scenes.json	6081789eb15f4cd49d3ba519476e56a2da05a7bdde5ea66ca64ae74e2a75018a	content/authoring/visuals/releases/scenes.json#/5	content/authoring/visuals/releases/scene-qa-ledger.json#/5/reviews	bfe9a90287ab6b0b8c9f45ce0b796d16e51971c4238094b3b08a99d593873cfd	["content/authoring/visuals/releases/scene-qa-ledger.json#/5/reviews/rightsAndProvenance"]	54236c37729a87cc9d52af9bdb08fc11461d7527204cb61ce2f231b454a24d82	publicationGate	content/authoring/visuals/releases/scenes.json#/5/publicationGate	null	content/assets/derivatives/scenes/s006-phone.png	731354	df8ae36763300a6ce67f72493ca0e9aaf8bbc06dbc2c39047b7d374fe3b3c450	720	480	content/authoring/visuals/releases/scenes.json#/5/derivatives/1	content/assets/derivatives/scenes/s006-print.png	672803	5d54fa2f593b6a1fd1d5ea3cddeabe58946bc1d30a4a9eeab172fd2e9866b1fb	1200	800	content/authoring/visuals/releases/scenes.json#/5/derivatives/2	false		accepted-delivery-derivatives-byte-identical-only
scene	scene.electrical.utility-damaged-cord	s007	n/a	phone=content/assets/derivatives/scenes/s007-phone.png;print=content/assets/derivatives/scenes/s007-print.png	tonal-line	3:2	contextual-full-scene	environmental-scene-high	ledger-independent-review-pass-at-720x480	ledger-independent-review-pass-grayscale	none-preserve-full-scene	hazard-task-frame;hazard-reference	decorative-brand-surface;cropped-or-filtered-use;outside-hazard-task-frame	assessment-only	mixed-library-rendering-mode-requires-explicit-frame	constrain-to-assessment	Independent scene review: pass. Rights/provenance review: pass — text-only original generation; no source image or prohibited reconstruction supplied; native C2PA retained.	codex-only	none	0	false	true	content/authoring/visuals/releases/scenes.json	6081789eb15f4cd49d3ba519476e56a2da05a7bdde5ea66ca64ae74e2a75018a	content/authoring/visuals/releases/scenes.json#/6	content/authoring/visuals/releases/scene-qa-ledger.json#/6/reviews	bfe9a90287ab6b0b8c9f45ce0b796d16e51971c4238094b3b08a99d593873cfd	["content/authoring/visuals/releases/scene-qa-ledger.json#/6/reviews/rightsAndProvenance"]	1c00b5665486f07f17754d8768ea2666dbff977a8c873ebbdad4edb82cff38a1	publicationGate	content/authoring/visuals/releases/scenes.json#/6/publicationGate	null	content/assets/derivatives/scenes/s007-phone.png	407149	40166c202122bb5aa5e701c7b7f458fd4ecdfd404ce591cc35e47e846c1f94d1	720	480	content/authoring/visuals/releases/scenes.json#/6/derivatives/1	content/assets/derivatives/scenes/s007-print.png	507898	8f22dd3f0e5870be9d7e263287d4361efa5667f2f5d955a0bdde2ac7718b6572	1200	800	content/authoring/visuals/releases/scenes.json#/6/derivatives/2	false		accepted-delivery-derivatives-byte-identical-only
scene	scene.electrical.classroom-wet-power-strip	s008	n/a	phone=content/assets/derivatives/scenes/s008-phone.png;print=content/assets/derivatives/scenes/s008-print.png	tonal-line	3:2	contextual-full-scene	environmental-scene-high	ledger-independent-review-pass-at-720x480	ledger-independent-review-pass-grayscale	none-preserve-full-scene	hazard-task-frame;hazard-reference	decorative-brand-surface;cropped-or-filtered-use;outside-hazard-task-frame	assessment-only	mixed-library-rendering-mode-requires-explicit-frame	constrain-to-assessment	Independent scene review: pass. Rights/provenance review: pass — text-only original generation; no source image or prohibited reconstruction supplied; native C2PA retained.	codex-only	none	0	false	true	content/authoring/visuals/releases/scenes.json	6081789eb15f4cd49d3ba519476e56a2da05a7bdde5ea66ca64ae74e2a75018a	content/authoring/visuals/releases/scenes.json#/7	content/authoring/visuals/releases/scene-qa-ledger.json#/7/reviews	bfe9a90287ab6b0b8c9f45ce0b796d16e51971c4238094b3b08a99d593873cfd	["content/authoring/visuals/releases/scene-qa-ledger.json#/7/reviews/rightsAndProvenance"]	0aab7c83eb58ecd44fba8c593498bb55ded80a492599cdb7a7f2d6e5cbb92acb	publicationGate	content/authoring/visuals/releases/scenes.json#/7/publicationGate	null	content/assets/derivatives/scenes/s008-phone.png	281712	5c9baf1012aa80a741e45572e0a61486ae11b9608525759617a8b00f87149b2b	720	480	content/authoring/visuals/releases/scenes.json#/7/derivatives/1	content/assets/derivatives/scenes/s008-print.png	320252	34d4c7a706dfd229c58e36ce5168ddb78de39daca41155c333e2d2287db4f12a	1200	800	content/authoring/visuals/releases/scenes.json#/7/derivatives/2	false		accepted-delivery-derivatives-byte-identical-only
scene	scene.sharps.restroom-broken-glass	s009	n/a	phone=content/assets/derivatives/scenes/s009-phone.png;print=content/assets/derivatives/scenes/s009-print.png	tonal-line	3:2	contextual-full-scene	environmental-scene-high	ledger-independent-review-pass-at-720x480	ledger-independent-review-pass-grayscale	none-preserve-full-scene	hazard-task-frame;hazard-reference	decorative-brand-surface;cropped-or-filtered-use;outside-hazard-task-frame	assessment-only	mixed-library-rendering-mode-requires-explicit-frame	constrain-to-assessment	Independent scene review: pass. Rights/provenance review: pass — text-only original generation; no source image or prohibited reconstruction supplied; native C2PA retained.	codex-only	none	0	false	true	content/authoring/visuals/releases/scenes.json	6081789eb15f4cd49d3ba519476e56a2da05a7bdde5ea66ca64ae74e2a75018a	content/authoring/visuals/releases/scenes.json#/8	content/authoring/visuals/releases/scene-qa-ledger.json#/8/reviews	bfe9a90287ab6b0b8c9f45ce0b796d16e51971c4238094b3b08a99d593873cfd	["content/authoring/visuals/releases/scene-qa-ledger.json#/8/reviews/rightsAndProvenance"]	2b2599e5b981f8954a703609058a5b7cf26b6f6d033b5f74faa3437b724a4c94	publicationGate	content/authoring/visuals/releases/scenes.json#/8/publicationGate	null	content/assets/derivatives/scenes/s009-phone.png	277833	b8ed8646a78b6e047f47c0750e859a13fa91e53a6a0a4b51d26d5a76acb019a6	720	480	content/authoring/visuals/releases/scenes.json#/8/derivatives/1	content/assets/derivatives/scenes/s009-print.png	308884	59a63e84b3370c27d0e77d5e87719980709e5aa5cefa90695bf2a8ca52e59df4	1200	800	content/authoring/visuals/releases/scenes.json#/8/derivatives/2	false		accepted-delivery-derivatives-byte-identical-only
scene	scene.sharps.grounds-broken-bottle	s010	n/a	phone=content/assets/derivatives/scenes/s010-phone.png;print=content/assets/derivatives/scenes/s010-print.png	tonal-line	3:2	contextual-full-scene	environmental-scene-high	ledger-independent-review-pass-at-720x480	ledger-independent-review-pass-grayscale	none-preserve-full-scene	hazard-task-frame;hazard-reference	decorative-brand-surface;cropped-or-filtered-use;outside-hazard-task-frame	assessment-only	mixed-library-rendering-mode-requires-explicit-frame	constrain-to-assessment	Independent scene review: pass. Rights/provenance review: pass — text-only original generation; no source image or prohibited reconstruction supplied; native C2PA retained.	codex-only	none	0	false	true	content/authoring/visuals/releases/scenes.json	6081789eb15f4cd49d3ba519476e56a2da05a7bdde5ea66ca64ae74e2a75018a	content/authoring/visuals/releases/scenes.json#/9	content/authoring/visuals/releases/scene-qa-ledger.json#/9/reviews	bfe9a90287ab6b0b8c9f45ce0b796d16e51971c4238094b3b08a99d593873cfd	["content/authoring/visuals/releases/scene-qa-ledger.json#/9/reviews/rightsAndProvenance"]	4cc1bbf90d4ec300b30de7f07ebe8b8f3a7629ccda89b63fecc29d53c59d58c3	publicationGate	content/authoring/visuals/releases/scenes.json#/9/publicationGate	null	content/assets/derivatives/scenes/s010-phone.png	586824	1afde143a99143fde0fafe05ec1c9de642a86563c03805817f67ea2ebbbb89f8	720	480	content/authoring/visuals/releases/scenes.json#/9/derivatives/1	content/assets/derivatives/scenes/s010-print.png	695942	311bfb18ba7590d07287a064bec666163a0340c9396cbbc8b0db15b680af9840	1200	800	content/authoring/visuals/releases/scenes.json#/9/derivatives/2	false		accepted-delivery-derivatives-byte-identical-only
scene	scene.material.loading-unstable-stack	s011	n/a	phone=content/assets/derivatives/scenes/s011-phone.png;print=content/assets/derivatives/scenes/s011-print.png	tonal-line	3:2	contextual-full-scene	environmental-scene-high	ledger-independent-review-pass-at-720x480	ledger-independent-review-pass-grayscale	none-preserve-full-scene	hazard-task-frame;hazard-reference	decorative-brand-surface;cropped-or-filtered-use;outside-hazard-task-frame	assessment-only	mixed-library-rendering-mode-requires-explicit-frame	constrain-to-assessment	Independent scene review: pass. Rights/provenance review: pass — text-only original generation; no source image or prohibited reconstruction supplied; native C2PA retained.	codex-only	none	0	false	true	content/authoring/visuals/releases/scenes.json	6081789eb15f4cd49d3ba519476e56a2da05a7bdde5ea66ca64ae74e2a75018a	content/authoring/visuals/releases/scenes.json#/10	content/authoring/visuals/releases/scene-qa-ledger.json#/10/reviews	bfe9a90287ab6b0b8c9f45ce0b796d16e51971c4238094b3b08a99d593873cfd	["content/authoring/visuals/releases/scene-qa-ledger.json#/10/reviews/rightsAndProvenance"]	70013a5472fe0c8832e83de4a4c060aa96cd6edf06507b1cd8edb5dd411160ca	publicationGate	content/authoring/visuals/releases/scenes.json#/10/publicationGate	null	content/assets/derivatives/scenes/s011-phone.png	400141	e908069300050faddd4ad9e9e14d3fb3f4a5533f96de4cbede29fe324cd4cfcc	720	480	content/authoring/visuals/releases/scenes.json#/10/derivatives/1	content/assets/derivatives/scenes/s011-print.png	495994	a3ed450837a342c7332953f31e890c7ec5c8a05c3f294c02151198f34538f25c	1200	800	content/authoring/visuals/releases/scenes.json#/10/derivatives/2	false		accepted-delivery-derivatives-byte-identical-only
scene	scene.material.cafeteria-obscured-vision	s012	n/a	phone=content/assets/derivatives/scenes/s012-phone.png;print=content/assets/derivatives/scenes/s012-print.png	tonal-line	3:2	contextual-full-scene	environmental-scene-high	ledger-independent-review-pass-at-720x480	ledger-independent-review-pass-grayscale	none-preserve-full-scene	hazard-task-frame;hazard-reference	decorative-brand-surface;cropped-or-filtered-use;outside-hazard-task-frame	assessment-only	mixed-library-rendering-mode-requires-explicit-frame	constrain-to-assessment	Independent scene review: pass. Rights/provenance review: pass — text-only original generation; no source image or prohibited reconstruction supplied; native C2PA retained.	codex-only	none	0	false	true	content/authoring/visuals/releases/scenes.json	6081789eb15f4cd49d3ba519476e56a2da05a7bdde5ea66ca64ae74e2a75018a	content/authoring/visuals/releases/scenes.json#/11	content/authoring/visuals/releases/scene-qa-ledger.json#/11/reviews	bfe9a90287ab6b0b8c9f45ce0b796d16e51971c4238094b3b08a99d593873cfd	["content/authoring/visuals/releases/scene-qa-ledger.json#/11/reviews/rightsAndProvenance"]	dcf6d917be9f5fc0f0e6cbbcf1796a716a61cdf280e81f9ef6b98ba5ea0a9e46	publicationGate	content/authoring/visuals/releases/scenes.json#/11/publicationGate	null	content/assets/derivatives/scenes/s012-phone.png	466738	4d08488c018c2250309a9ae6f48103369b890195d1ca6ec3c568cb31d777eaff	720	480	content/authoring/visuals/releases/scenes.json#/11/derivatives/1	content/assets/derivatives/scenes/s012-print.png	557335	7312384f16195b1c9678e97017a12f512cdaa1396188e8ebf0656ccc289ff5cd	1200	800	content/authoring/visuals/releases/scenes.json#/11/derivatives/2	false		accepted-delivery-derivatives-byte-identical-only
scene	scene.biological.restroom-bare-hand-cleaning	s013	n/a	phone=content/assets/derivatives/scenes/s013-phone.png;print=content/assets/derivatives/scenes/s013-print.png	tonal-line	3:2	contextual-full-scene	environmental-scene-high	ledger-independent-review-pass-at-720x480	ledger-independent-review-pass-grayscale	none-preserve-full-scene	hazard-task-frame;hazard-reference	decorative-brand-surface;cropped-or-filtered-use;outside-hazard-task-frame	assessment-only	mixed-library-rendering-mode-requires-explicit-frame	constrain-to-assessment	Independent scene review: pass. Rights/provenance review: pass — text-only original generation; no source image or prohibited reconstruction supplied; native C2PA retained.	codex-only	none	0	false	true	content/authoring/visuals/releases/scenes.json	6081789eb15f4cd49d3ba519476e56a2da05a7bdde5ea66ca64ae74e2a75018a	content/authoring/visuals/releases/scenes.json#/12	content/authoring/visuals/releases/scene-qa-ledger.json#/12/reviews	bfe9a90287ab6b0b8c9f45ce0b796d16e51971c4238094b3b08a99d593873cfd	["content/authoring/visuals/releases/scene-qa-ledger.json#/12/reviews/rightsAndProvenance"]	fb0b03d7e52b7558b0e6a4d17bfd4c978a58c1189a942b13d6e8587244035dc4	publicationGate	content/authoring/visuals/releases/scenes.json#/12/publicationGate	null	content/assets/derivatives/scenes/s013-phone.png	401830	fa7f9d6d9bde67e3f68c6877b4d9428168a0dddb72cc3a4a6918e516c0b436f9	720	480	content/authoring/visuals/releases/scenes.json#/12/derivatives/1	content/assets/derivatives/scenes/s013-print.png	478676	9dcb9df3067c995b4b18a72238c9003e3fd2a60288ff7d6ac3c2c76eb72fb69b	1200	800	content/authoring/visuals/releases/scenes.json#/12/derivatives/2	false		accepted-delivery-derivatives-byte-identical-only
scene	scene.biological.cafeteria-mop-on-table	s014	n/a	phone=content/assets/derivatives/scenes/s014-phone.png;print=content/assets/derivatives/scenes/s014-print.png	tonal-line	3:2	contextual-full-scene	environmental-scene-high	ledger-independent-review-pass-at-720x480	ledger-independent-review-pass-grayscale	none-preserve-full-scene	hazard-task-frame;hazard-reference	decorative-brand-surface;cropped-or-filtered-use;outside-hazard-task-frame	assessment-only	mixed-library-rendering-mode-requires-explicit-frame	constrain-to-assessment	Independent scene review: pass. Rights/provenance review: pass — text-only original generation; no source image or prohibited reconstruction supplied; native C2PA retained.	codex-only	none	0	false	true	content/authoring/visuals/releases/scenes.json	6081789eb15f4cd49d3ba519476e56a2da05a7bdde5ea66ca64ae74e2a75018a	content/authoring/visuals/releases/scenes.json#/13	content/authoring/visuals/releases/scene-qa-ledger.json#/13/reviews	bfe9a90287ab6b0b8c9f45ce0b796d16e51971c4238094b3b08a99d593873cfd	["content/authoring/visuals/releases/scene-qa-ledger.json#/13/reviews/rightsAndProvenance"]	358c363865b6256d193587422156c2fe7978340a111d80239929455dc638703f	publicationGate	content/authoring/visuals/releases/scenes.json#/13/publicationGate	null	content/assets/derivatives/scenes/s014-phone.png	484900	1601ee3276071b75f6c7e377fb04b14142790ac48bcc7f81dd03cbb02c74eab9	720	480	content/authoring/visuals/releases/scenes.json#/13/derivatives/1	content/assets/derivatives/scenes/s014-print.png	579005	b5b523584eb7bb424b63225bb0c8773eeef55564f7525c0ca54cee6a0d34e355	1200	800	content/authoring/visuals/releases/scenes.json#/13/derivatives/2	false		accepted-delivery-derivatives-byte-identical-only
scene	scene.machine.gym-unguarded-fan	s015	n/a	phone=content/assets/derivatives/scenes/s015-phone.png;print=content/assets/derivatives/scenes/s015-print.png	tonal-line	3:2	contextual-full-scene	environmental-scene-high	ledger-independent-review-pass-at-720x480	ledger-independent-review-pass-grayscale	none-preserve-full-scene	hazard-task-frame;hazard-reference	decorative-brand-surface;cropped-or-filtered-use;outside-hazard-task-frame	assessment-only	mixed-library-rendering-mode-requires-explicit-frame	constrain-to-assessment	Independent scene review: pass. Rights/provenance review: pass — text-only original generation; no source image or prohibited reconstruction supplied; native C2PA retained.	codex-only	none	0	false	true	content/authoring/visuals/releases/scenes.json	6081789eb15f4cd49d3ba519476e56a2da05a7bdde5ea66ca64ae74e2a75018a	content/authoring/visuals/releases/scenes.json#/14	content/authoring/visuals/releases/scene-qa-ledger.json#/14/reviews	bfe9a90287ab6b0b8c9f45ce0b796d16e51971c4238094b3b08a99d593873cfd	["content/authoring/visuals/releases/scene-qa-ledger.json#/14/reviews/rightsAndProvenance"]	da089bd7389b604730996f633817e5a1f43bd820f75ac858e6a3efc7c4738898	publicationGate	content/authoring/visuals/releases/scenes.json#/14/publicationGate	null	content/assets/derivatives/scenes/s015-phone.png	309829	cc00f6cb74686c875500c7bbcba2d0b1f8aa05d9044da93da4bce89eaca2cdc0	720	480	content/authoring/visuals/releases/scenes.json#/14/derivatives/1	content/assets/derivatives/scenes/s015-print.png	341172	019462ed284ac7c01404ce7b130ed3a5868bfcd1cd7f786dd13663fd38a0df65	1200	800	content/authoring/visuals/releases/scenes.json#/14/derivatives/2	false		accepted-delivery-derivatives-byte-identical-only
scene	scene.machine.utility-saw-guard	s016	n/a	phone=content/assets/derivatives/scenes/s016-phone.png;print=content/assets/derivatives/scenes/s016-print.png	tonal-line	3:2	contextual-full-scene	environmental-scene-high	ledger-independent-review-pass-at-720x480	ledger-independent-review-pass-grayscale	none-preserve-full-scene	hazard-task-frame;hazard-reference	decorative-brand-surface;cropped-or-filtered-use;outside-hazard-task-frame	assessment-only	mixed-library-rendering-mode-requires-explicit-frame	constrain-to-assessment	Independent scene review: pass. Rights/provenance review: pass — project-owned generated remediation candidate used only for targeted geometry refinement; no external source image or prohibited reconstruction supplied; native C2PA retained.	codex-only	none	0	false	true	content/authoring/visuals/releases/scenes.json	6081789eb15f4cd49d3ba519476e56a2da05a7bdde5ea66ca64ae74e2a75018a	content/authoring/visuals/releases/scenes.json#/15	content/authoring/visuals/releases/scene-qa-ledger.json#/15/reviews	ccf4c0e636c00c1b2a44fe7ea577282529dfdb56b2fa4708830607df055c18cb	["content/authoring/visuals/releases/scene-qa-ledger.json#/15/reviews/rightsAndProvenance"]	876f57133331b128547dc0cf0bc16cfc0c1eed6d6e806a02b505b95708826ba4	publicationGate	content/authoring/visuals/releases/scenes.json#/15/publicationGate	null	content/assets/derivatives/scenes/s016-phone.png	508569	d485f02a24b6391af629fa4c74b46a3ac3d364ec67acb9209139d66f02912b41	720	480	content/authoring/visuals/releases/scenes.json#/15/derivatives/1	content/assets/derivatives/scenes/s016-print.png	651358	9f551ab09937adb4d8869c8749165fba53f5fa19228a69c947f92db4e8388a7b	1200	800	content/authoring/visuals/releases/scenes.json#/15/derivatives/2	false		accepted-delivery-derivatives-byte-identical-only
scene	scene.zero.classroom-orderly	s017	n/a	phone=content/assets/derivatives/scenes/s017-phone.png;print=content/assets/derivatives/scenes/s017-print.png	photoreal-color	3:2	contextual-full-scene	environmental-scene-high	ledger-independent-review-pass-at-720x480	ledger-independent-review-pass-grayscale	none-preserve-full-scene	hazard-task-frame;safe-scene-reference	decorative-brand-surface;cropped-or-filtered-use;outside-hazard-task-frame	assessment-only	mixed-library-rendering-mode-requires-explicit-frame	constrain-to-assessment	Independent scene review: pass. Rights/provenance review: pass — text-only original generation; no source image or prohibited reconstruction supplied; native C2PA retained.	codex-only	none	0	false	true	content/authoring/visuals/releases/scenes.json	6081789eb15f4cd49d3ba519476e56a2da05a7bdde5ea66ca64ae74e2a75018a	content/authoring/visuals/releases/scenes.json#/16	content/authoring/visuals/releases/scene-qa-ledger.json#/16/reviews	bfe9a90287ab6b0b8c9f45ce0b796d16e51971c4238094b3b08a99d593873cfd	["content/authoring/visuals/releases/scene-qa-ledger.json#/16/reviews/rightsAndProvenance"]	52b4211554e2d043c732b47a28ed8cfae4559fae938da4c2549c91506257a040	publicationGate	content/authoring/visuals/releases/scenes.json#/16/publicationGate	null	content/assets/derivatives/scenes/s017-phone.png	647469	3e8631c261e8a7b82936811d2a55be4e3f428f750fe539e103ba2374240ec471	720	480	content/authoring/visuals/releases/scenes.json#/16/derivatives/1	content/assets/derivatives/scenes/s017-print.png	609516	0b7c454371ea821fbdcd91eff2de4105afc7a4b1bd01cd48419e5508f336c56b	1200	800	content/authoring/visuals/releases/scenes.json#/16/derivatives/2	false		accepted-delivery-derivatives-byte-identical-only
scene	scene.zero.closet-contained	s018	n/a	phone=content/assets/derivatives/scenes/s018-phone.png;print=content/assets/derivatives/scenes/s018-print.png	tonal-line	3:2	contextual-full-scene	environmental-scene-high	ledger-independent-review-pass-at-720x480	ledger-independent-review-pass-grayscale	none-preserve-full-scene	hazard-task-frame;safe-scene-reference	decorative-brand-surface;cropped-or-filtered-use;outside-hazard-task-frame	assessment-only	mixed-library-rendering-mode-requires-explicit-frame	constrain-to-assessment	Independent scene review: pass. Rights/provenance review: pass — text-only original generation; no source image or prohibited reconstruction supplied; native C2PA retained.	codex-only	none	0	false	true	content/authoring/visuals/releases/scenes.json	6081789eb15f4cd49d3ba519476e56a2da05a7bdde5ea66ca64ae74e2a75018a	content/authoring/visuals/releases/scenes.json#/17	content/authoring/visuals/releases/scene-qa-ledger.json#/17/reviews	bfe9a90287ab6b0b8c9f45ce0b796d16e51971c4238094b3b08a99d593873cfd	["content/authoring/visuals/releases/scene-qa-ledger.json#/17/reviews/rightsAndProvenance"]	77ffde2dc79d2d62a32b5624b7296eb67401c0ccc134bba10a0bb303d4fb0436	publicationGate	content/authoring/visuals/releases/scenes.json#/17/publicationGate	null	content/assets/derivatives/scenes/s018-phone.png	498564	e1c417ecc5ba204075a58f4a15dbeeea7a5107c58ce4c482aa95a152760a4e63	720	480	content/authoring/visuals/releases/scenes.json#/17/derivatives/1	content/assets/derivatives/scenes/s018-print.png	568573	d240600319334f22f17d0223e8dbc73a2147f4950851c81e346576efd347639e	1200	800	content/authoring/visuals/releases/scenes.json#/17/derivatives/2	false		accepted-delivery-derivatives-byte-identical-only
